"household_key","BAGGED_CHEESE_SNACKS","CORN_CHIPS","POTATO_CHIPS","PRETZELS","TORTILLA_NACHO_CHIPS","SGL_SV_VEND_MACH_SNACKS_CHIP_P","BAGGED_POPPED_POPCORN","DIPS__NON_REFRIGERATED","MULT_PK_BAG_SNACKS","MISC_BAG_SNACKS","tot","cnt","AGE_DESC","MARITAL_STATUS_CODE","HOMEOWNER_DESC","HH_COMP_DESC","HOUSEHOLD_SIZE_DESC","KID_CATEGORY_DESC","tot_snck","cnt_snck","INCOME"
1,6.19,2,19.67,2.29,0,0,0,0,0,0,822.880000000001,14,"65+  ","A","Homeowner      ","2 Adults No Kids","2 ","None/Unknown",30.15,9,"35-49K  "
7,0,0,4,0,1.88,0,0,0,0,0,229.46,6,"45-54","A","Homeowner      ","2 Adults No Kids","2 ","None/Unknown",5.88,2,"50-74K  "
8,0,0,3.76,0,0,0,0,0,0,0,818.15,18,"25-34","U","Unknown        ","2 Adults Kids   ","3 ","1           ",3.76,1,"25-34K  "
13,0,0,4.64,8.48,0,0,0,0,0,0,2096.96,39,"25-34","U","Homeowner      ","2 Adults Kids   ","4 ","2           ",13.12,4,"75-99K  "
16,0,0,2,0,2.79,0,0,0,0,0,421.06,21,"45-54","B","Homeowner      ","Single Female   ","1 ","None/Unknown",4.79,2,"50-74K  "
17,0,3.49,8.38,20.11,0,0.99,0,0,0,0,1716.47,40,"65+  ","B","Homeowner      ","2 Adults No Kids","2 ","None/Unknown",43,14,"Under 25"
18,0,0,37.63,10.39,1.74,0,0,0,0,0,771.040000000001,17,"45-54","A","Homeowner      ","2 Adults No Kids","2 ","None/Unknown",49.76,13,"100K+   "
19,2,2,26.63,1.25,13.48,0,0,0,0,0,1222.66,39,"35-44","B","Unknown        ","Single Female   ","1 ","None/Unknown",45.36,16,"Under 25"
22,0,0,5,5.67,10.39,0,0,0,0,0,1239.37,26,"45-54","A","Homeowner      ","2 Adults No Kids","2 ","None/Unknown",21.06,5,"75-99K  "
25,2,0,19.91,0,5.76,0,0,0,0,0,566.99,19,"35-44","U","Unknown        ","Unknown         ","1 ","None/Unknown",27.67,9,"50-74K  "
27,0,0,0.99,0,0,2.13,0,0,0,0,280.16,42,"45-54","U","Probable Renter","Single Female   ","1 ","None/Unknown",3.12,4,"25-34K  "
39,2,0,0,5.44,12.34,3.6,0,0,0,0,1893.38,20,"35-44","A","Homeowner      ","2 Adults No Kids","2 ","None/Unknown",23.38,10,"100K+   "
40,0,0,0.99,2,0,0.3,0,0,0,0,1691.22,46,"45-54","U","Homeowner      ","2 Adults No Kids","2 ","None/Unknown",3.29,3,"Under 25"
42,0,0,0,0,0,0,2.5,0,0,0,292.48,13,"65+  ","U","Unknown        ","Single Male     ","1 ","None/Unknown",2.5,1,"50-74K  "
46,0,5.64,0,0,0,0,0,0,0,0,356.9,6,"45-54","A","Homeowner      ","2 Adults Kids   ","5+","3+          ",5.64,1,"100K+   "
49,3.39,0,11.97,1.67,18.95,0,0,0,0,0,542.83,14,"35-44","A","Homeowner      ","2 Adults No Kids","2 ","None/Unknown",35.98,5,"35-49K  "
52,0,0,6.19,3.96,6.07,0,0,0,0,0,878.03,29,"45-54","B","Homeowner      ","2 Adults No Kids","2 ","None/Unknown",16.22,4,"50-74K  "
55,0,0,6.58,1.67,0,0,0,0,0,0,148.39,20,"65+  ","A","Homeowner      ","2 Adults No Kids","2 ","None/Unknown",8.25,2,"35-49K  "
56,0,0,2.89,0,5.99,0,0,0,0,0,459.51,18,"55-64","A","Homeowner      ","2 Adults Kids   ","4 ","2           ",8.88,3,"100K+   "
57,0,0,9.25,0,0,0,0,0,0,0,586.19,32,"45-54","B","Homeowner      ","2 Adults No Kids","2 ","None/Unknown",9.25,12,"35-49K  "
58,0,0,0,4.78,7.99,0,0,0,0,0,1771.24,51,"25-34","A","Homeowner      ","2 Adults Kids   ","4 ","2           ",12.77,3,"100K+   "
67,0,0,30.86,4.06,20.04,0,0,0,0,0,1510.96,27,"45-54","A","Homeowner      ","2 Adults Kids   ","5+","3+          ",54.96,11,"Under 25"
71,0,0,1.67,0,0,0.3,0,0,0,0,1153.99,24,"35-44","A","Homeowner      ","Single Female   ","2 ","None/Unknown",1.97,2,"25-34K  "
74,1,4.29,0,0,0,0,0,0,0,0,549.95,44,"65+  ","A","Homeowner      ","2 Adults No Kids","2 ","None/Unknown",5.29,3,"Under 25"
77,2,4.58,1.88,4.74,10.44,2.4,0,0,0,0,2412.25,31,"35-44","A","Homeowner      ","2 Adults Kids   ","5+","3+          ",26.04,7,"100K+   "
80,0,0,10.34,0,0,1.8,0,0,0,0,528.35,14,"45-54","U","Homeowner      ","2 Adults No Kids","2 ","None/Unknown",12.14,3,"50-74K  "
85,0,0,6.79,0,2.79,0,0,0,0,0,1182.84,100,"25-34","U","Unknown        ","Single Male     ","1 ","None/Unknown",9.58,4,"35-49K  "
86,0,0,0,0,3,0,0,2.5,0,0,535.38,8,"65+  ","B","Homeowner      ","Single Male     ","1 ","None/Unknown",5.5,1,"35-49K  "
97,0,0,5,0,0,0,0,2.5,0,0,1039.81,27,"45-54","U","Unknown        ","Single Female   ","1 ","None/Unknown",7.5,2,"75-99K  "
98,2.49,0,0.99,0,0,4.15,0,0,0,0,161.27,20,"35-44","U","Unknown        ","1 Adult Kids    ","2 ","1           ",7.63,6,"35-49K  "
104,0,0,6.99,0,2,0,0,0,0,0,83.3,6,"35-44","A","Homeowner      ","2 Adults Kids   ","5+","3+          ",8.99,3,"35-49K  "
105,0,0,11.4,0,4,4.98,2,0,3.69,0,1234.02,32,"25-34","B","Homeowner      ","1 Adult Kids    ","3 ","2           ",26.07,13,"Under 25"
110,0,0,0,0,2.5,0,0,0,0,0,742.95,40,"25-34","U","Homeowner      ","Single Female   ","1 ","None/Unknown",2.5,1,"35-49K  "
113,4,0,11.4,4.79,0,0,0,0,0,0,2426.96,32,"35-44","A","Homeowner      ","2 Adults Kids   ","4 ","2           ",20.19,7,"100K+   "
114,0,0,0,4.93,0,0,0,0,0,0,993.66,34,"25-34","U","Homeowner      ","2 Adults No Kids","2 ","None/Unknown",4.93,2,"35-49K  "
117,1.79,0,6.46,0,0,0,0,0,0,0,460.25,19,"65+  ","B","Probable Owner ","2 Adults No Kids","2 ","None/Unknown",8.25,5,"35-49K  "
118,0,0,1.99,0,2,0,0,3.19,0,0,601.07,15,"45-54","B","Homeowner      ","Single Female   ","1 ","None/Unknown",7.18,2,"35-49K  "
121,0,0,3.34,0,2,0.3,0,0,0,0,213.72,13,"45-54","U","Unknown        ","2 Adults Kids   ","3 ","1           ",5.64,4,"25-34K  "
127,2,0,0,0,1.74,0,0,0,0,0,39.83,4,"45-54","U","Unknown        ","Single Female   ","1 ","None/Unknown",3.74,1,"25-34K  "
131,2.49,0,28.94,0,2.44,0,2.5,3.19,0,0,2207.62,153,"45-54","U","Unknown        ","2 Adults No Kids","2 ","None/Unknown",39.56,14,"50-74K  "
134,0,0,7.76,0,1,0,0,0,0,0,1202.13,22,"55-64","A","Homeowner      ","Single Female   ","2 ","None/Unknown",8.76,3,"25-34K  "
136,0,0,2.14,0,0,0,6,0,0,0,370,10,"45-54","U","Unknown        ","Unknown         ","1 ","None/Unknown",9.63,4,"50-74K  "
139,0,0,1.5,0,0,0,0,0,0,0,231.34,7,"35-44","B","Homeowner      ","Single Male     ","1 ","None/Unknown",1.5,1,"75-99K  "
155,0,0,15.95,0,10.49,8.1,0,5.69,0,0,406.16,13,"35-44","B","Homeowner      ","2 Adults Kids   ","3 ","1           ",40.23,7,"50-74K  "
157,0,0,2.66,0,1.88,0,0,0,0,0,436.56,34,"19-24","U","Homeowner      ","2 Adults No Kids","2 ","None/Unknown",4.54,3,"Under 25"
159,0,0,2.25,1.25,0,0,0,0,0,0,256.21,12,"45-54","U","Homeowner      ","2 Adults No Kids","2 ","None/Unknown",3.5,3,"Under 25"
161,12.74,0,20.54,4.16,8.75,0,0,0,2.99,2.5,1006.84,38,"19-24","A","Unknown        ","2 Adults Kids   ","3 ","1           ",51.68,15,"75-99K  "
165,0,1.88,11.29,0,0,0,0,0,0,0,766.03,36,"55-64","A","Homeowner      ","2 Adults No Kids","2 ","None/Unknown",13.17,5,"35-49K  "
170,0,0,3.76,2.29,0,0,0,0,0,0,657.55,14,"25-34","A","Homeowner      ","2 Adults Kids   ","4 ","2           ",6.05,2,"100K+   "
178,0,0,0,0,2,0,0,3.19,0,0,35.27,1,"25-34","A","Homeowner      ","1 Adult Kids    ","5+","3+          ",5.19,1,"25-34K  "
184,0,0,0,0,0,0,0,0,0,3.55,753.070000000001,33,"45-54","U","Unknown        ","Single Male     ","1 ","None/Unknown",3.55,2,"25-34K  "
192,2,4.37,3.99,2,0,0,3.86,0,6.68,5,905.220000000001,19,"45-54","A","Homeowner      ","Single Male     ","2 ","None/Unknown",27.9,10,"35-49K  "
193,4.2,0,6,0,0,6.85,0,0,17.94,0,1134.75,38,"45-54","A","Homeowner      ","2 Adults No Kids","2 ","None/Unknown",36.48,9,"75-99K  "
198,4,0,15.58,0,7.51,2.29,0,7.17,0,0,1251.65,75,"35-44","A","Homeowner      ","2 Adults Kids   ","3 ","1           ",36.55,11,"Under 25"
208,13.89,0,21.47,6.45,0,0,0,0,0,0,1084.3,33,"45-54","U","Homeowner      ","2 Adults No Kids","2 ","None/Unknown",41.81,10,"50-74K  "
209,0,0,7.31,23.1,0,0,0,0,0,0,749.34,27,"45-54","U","Homeowner      ","2 Adults Kids   ","3 ","1           ",30.41,10,"25-34K  "
212,0,0,4.66,9.06,16.5,0,0,2.5,2.99,0,901.340000000001,25,"35-44","U","Unknown        ","Single Female   ","1 ","None/Unknown",35.71,7,"Under 25"
214,0,6.98,0,0,0,0,0,0,0,6.88,231.04,9,"55-64","B","Homeowner      ","2 Adults No Kids","2 ","None/Unknown",13.86,3,"Under 25"
216,0,0,4.75,0,0,4.2,0,0,0,0,232.3,16,"35-44","U","Homeowner      ","Unknown         ","1 ","None/Unknown",8.95,3,"50-74K  "
218,0,0,3.19,2.5,3.29,0,0,0,0,0,1312.6,24,"45-54","A","Homeowner      ","2 Adults No Kids","2 ","None/Unknown",8.98,2,"Under 25"
219,0,0,7.5,0,0,0,0,0,0,0,1576.1,30,"55-64","A","Homeowner      ","2 Adults No Kids","2 ","None/Unknown",7.5,3,"100K+   "
220,0,0,3.76,0,7.48,1.92,0,3.19,0,0,602.64,26,"45-54","A","Homeowner      ","2 Adults No Kids","2 ","None/Unknown",16.65,6,"35-49K  "
221,0,0,11.74,0,0,0,0,0,0,0,445.72,10,"65+  ","U","Unknown        ","Unknown         ","1 ","None/Unknown",11.74,5,"Under 25"
222,0,0,1.67,2.19,11.58,0,2,7.28,0,0,2153.26,45,"35-44","A","Unknown        ","2 Adults No Kids","2 ","None/Unknown",24.72,6,"35-49K  "
230,0,2,1.88,0,2,0,0,0,0,0,581.79,20,"25-34","U","Unknown        ","Single Female   ","1 ","None/Unknown",5.88,3,"25-34K  "
235,1.88,0,1.88,7.08,6.29,0.9,0,0,0,0,4059.67999999998,64,"35-44","A","Homeowner      ","2 Adults Kids   ","5+","3+          ",18.03,6,"100K+   "
239,5.77,2.29,0,0,0,0,0,0,0,0,854.710000000001,62,"45-54","U","Renter         ","Unknown         ","1 ","None/Unknown",8.06,5,"50-74K  "
242,0,0,6,5,22.29,0,0,6.38,0,0,1056.44,21,"45-54","A","Homeowner      ","2 Adults Kids   ","5+","3+          ",39.67,7,"75-99K  "
243,0,0,5,4,2.5,0,0,0,0,0,1217.29,44,"65+  ","U","Homeowner      ","2 Adults No Kids","2 ","None/Unknown",11.5,3,"50-74K  "
248,0,0,0,0,1.97,0,0,0,0,0,1169.19,9,"35-44","A","Homeowner      ","2 Adults Kids   ","4 ","2           ",1.97,2,"100K+   "
249,0,0,1.67,0,0,0,0,0,0,0,412.18,23,"35-44","A","Renter         ","Unknown         ","3 ","1           ",1.67,1,"Under 25"
257,0,0,1.88,0,2,0,0,0,0,0,447.4,23,"25-34","U","Unknown        ","1 Adult Kids    ","3 ","2           ",3.88,2,"25-34K  "
263,0,0,6.07,0,0,0,0,0,0,0,667.34,40,"45-54","U","Unknown        ","2 Adults No Kids","2 ","None/Unknown",6.07,3,"35-49K  "
264,0,0,3.99,2.29,7.26,0,0,0,0,0,246.93,13,"45-54","U","Homeowner      ","2 Adults No Kids","2 ","None/Unknown",13.54,5,"75-99K  "
276,0,0,4.76,0,4.78,0.3,0,0,0,0,748.790000000001,28,"35-44","U","Unknown        ","Single Male     ","1 ","None/Unknown",9.84,4,"35-49K  "
281,3.27,0,3.77,0,0,0,0,0,0,3.78,461.01,23,"35-44","B","Homeowner      ","Single Female   ","1 ","None/Unknown",10.82,4,"50-74K  "
282,0,3.49,0,2.39,0,0,0,0,0,0,632.13,18,"45-54","U","Unknown        ","Single Female   ","1 ","None/Unknown",5.88,2,"35-49K  "
283,0,0,0,2.1,0,0,0,0,0,0,422.48,6,"25-34","A","Homeowner      ","2 Adults No Kids","2 ","None/Unknown",2.1,1,"50-74K  "
289,0,0,0,0,1.05,0,0,0,0,0,551,17,"45-54","B","Homeowner      ","Single Male     ","1 ","None/Unknown",1.05,1,"100K+   "
290,1.88,0,8.96,0,0,0.3,0,0,0,0,278.32,11,"25-34","U","Unknown        ","2 Adults No Kids","2 ","None/Unknown",11.14,5,"35-49K  "
294,0,0,11.36,4.27,5.37,0,0,0,0,0,1564.8,86,"25-34","A","Homeowner      ","2 Adults Kids   ","4 ","2           ",21,7,"50-74K  "
300,11.53,6.16,14.71,2,4.75,0,2,7.17,0,2.19,1444.09,17,"55-64","A","Unknown        ","Single Female   ","2 ","None/Unknown",50.51,7,"Under 25"
301,0,0,0,0,6.65,2.1,0,2.29,6.89,0,1415.78,12,"35-44","A","Homeowner      ","2 Adults Kids   ","4 ","2           ",17.93,4,"35-49K  "
302,0,2,3.73,0,10.72,0,0,0,0,6.98,258.94,16,"45-54","U","Homeowner      ","2 Adults Kids   ","3 ","1           ",23.43,5,"35-49K  "
304,0,1.88,12.5,0.99,12.05,0,0,0,0,0,1765.46,51,"25-34","U","Unknown        ","2 Adults No Kids","2 ","None/Unknown",27.42,8,"50-74K  "
306,0,0,4.14,0,2,0,1.67,0,0,0,695.800000000001,20,"19-24","U","Homeowner      ","2 Adults Kids   ","4 ","2           ",7.81,4,"35-49K  "
309,0,7.76,0,6.98,6,12,0,2.39,0,0,624.59,6,"25-34","A","Homeowner      ","Single Male     ","2 ","None/Unknown",35.13,4,"75-99K  "
314,0,0,0,4.08,0,0.99,0,0,0,0,729.38,13,"45-54","U","Homeowner      ","2 Adults Kids   ","3 ","1           ",5.07,3,"75-99K  "
317,0,0,23.49,20.78,0,0,0,0,0,0,1262.68,14,"45-54","A","Homeowner      ","Single Male     ","2 ","None/Unknown",44.27,7,"75-99K  "
319,0,3.88,6.88,0,6.29,0.99,0,2.39,0,0,959.41,34,"45-54","U","Homeowner      ","1 Adult Kids    ","4 ","3+          ",20.43,7,"35-49K  "
321,0,0,12.19,7.17,0,0,0,0,0,0,1211.8,22,"45-54","A","Homeowner      ","2 Adults No Kids","2 ","None/Unknown",19.36,5,"100K+   "
324,0,0,2.99,2.5,0,0,0,0,0,0,1661.65,26,"45-54","U","Unknown        ","Single Female   ","1 ","None/Unknown",5.49,2,"50-74K  "
325,0,1.88,8.4,0,2.5,0,0,0,0,0,546.88,14,"35-44","A","Homeowner      ","2 Adults Kids   ","4 ","2           ",12.78,3,"75-99K  "
332,2,0,7.84,4,10,2.18,4,0,0,2.49,1227.16,31,"35-44","A","Homeowner      ","2 Adults Kids   ","5+","3+          ",32.51,7,"100K+   "
334,4.98,0,3.55,0,2.62,2.13,0,0,0,3.49,1053.99,101,"45-54","A","Homeowner      ","2 Adults No Kids","2 ","None/Unknown",16.77,8,"Under 25"
350,1,0,6.5,2.29,6.5,1.09,0,7.28,0,0,1019.9,42,"45-54","A","Homeowner      ","1 Adult Kids    ","4 ","2           ",24.66,7,"50-74K  "
351,0,2,0,2,0,0,0,0,0,0,770.16,35,"45-54","U","Unknown        ","Unknown         ","1 ","None/Unknown",4,2,"50-74K  "
353,0,0,0,0,2,0,0,0,0,0,185.51,8,"45-54","A","Homeowner      ","2 Adults No Kids","2 ","None/Unknown",2,1,"100K+   "
358,0,0,2.89,0,9.68,0,0,0,3.59,0,1378.05,36,"35-44","U","Homeowner      ","2 Adults No Kids","2 ","None/Unknown",16.16,5,"50-74K  "
361,3.41,0,22.5,3.95,0,1.5,1.5,0,0,0,2064.28,72,"45-54","U","Unknown        ","Unknown         ","1 ","None/Unknown",34.15,17,"50-74K  "
370,1.88,2.49,9.11,5.49,4.5,0,3,0,0,0,1386.02,52,"65+  ","U","Unknown        ","2 Adults No Kids","2 ","None/Unknown",26.47,8,"50-74K  "
377,0,0,3.49,3.25,2,0,0,0,0,0,927.780000000001,34,"45-54","A","Homeowner      ","2 Adults No Kids","2 ","None/Unknown",8.74,3,"50-74K  "
378,0,1.88,11.81,0,0,0,0,0,0,0,1071.47,75,"55-64","A","Homeowner      ","Single Female   ","2 ","None/Unknown",13.69,7,"50-74K  "
381,2,0,11.34,2.39,3.5,0,0,0,0,0,1018.89,32,"25-34","B","Homeowner      ","1 Adult Kids    ","2 ","1           ",19.23,7,"35-49K  "
383,0,0,7.16,7.04,9.67,0,0,0,0,0,1205.15,30,"45-54","U","Homeowner      ","Unknown         ","1 ","None/Unknown",23.87,7,"50-74K  "
385,0,3,0,3.74,2,0,0,3.19,0,0,634.15,6,"25-34","A","Homeowner      ","2 Adults Kids   ","5+","3+          ",11.93,3,"50-74K  "
386,0,0,0,1.05,3.03,0,0,0,0,0,407.37,26,"35-44","B","Probable Owner ","Single Female   ","1 ","None/Unknown",4.08,3,"25-34K  "
387,0,0,3.49,0,3.99,0.99,0,0,0,0,304.31,10,"25-34","B","Homeowner      ","Single Female   ","1 ","None/Unknown",8.47,3,"50-74K  "
389,2.49,0,2.5,19.96,5.77,0,0,0,0,0,1816.16,32,"35-44","U","Probable Owner ","Single Female   ","1 ","None/Unknown",30.72,6,"100K+   "
390,0,2,0,0,0,0,0,0,0,0,412.15,24,"45-54","B","Renter         ","Single Female   ","1 ","None/Unknown",2,1,"25-34K  "
392,4,0,12.19,4.29,19.35,0,2.19,0,0,10.47,1733.64,13,"35-44","A","Homeowner      ","2 Adults Kids   ","3 ","1           ",52.49,8,"100K+   "
395,0,0,0,5.73,0,0,2.49,0,0,0,237.35,15,"35-44","U","Unknown        ","Single Male     ","1 ","None/Unknown",8.22,2,"25-34K  "
400,2,1.88,1.5,4.06,9.53,0,0,0,0,0,1688.98,31,"35-44","A","Homeowner      ","2 Adults Kids   ","3 ","1           ",18.97,5,"100K+   "
404,0,0,7.96,0,3.99,0,0,0,0,0,1938.28,63,"25-34","A","Unknown        ","Unknown         ","2 ","None/Unknown",12.95,5,"25-34K  "
409,0,0,5.88,0,0,0,0,0,0,0,605.820000000001,27,"19-24","B","Homeowner      ","2 Adults No Kids","2 ","None/Unknown",5.88,2,"25-34K  "
410,0,2,1.67,0,2.62,0,0,0,0,0,136.15,9,"55-64","A","Homeowner      ","2 Adults Kids   ","5+","3+          ",6.29,2,"35-49K  "
411,0,1.88,9.49,0,0,0,1.79,0,0,0,1088.52,30,"35-44","U","Unknown        ","2 Adults No Kids","2 ","None/Unknown",13.16,3,"Under 25"
412,0,0,1,0,0,0,0,0,0,0,411.71,19,"65+  ","A","Homeowner      ","Single Female   ","2 ","None/Unknown",1,1,"Under 25"
417,4.49,4.49,16.62,1.25,4.14,0,4,0,0,0,507.4,17,"45-54","A","Unknown        ","Single Female   ","2 ","None/Unknown",34.99,5,"35-49K  "
418,0,3.49,2.89,0,4.79,0,0,0,0,3.49,656,38,"35-44","U","Unknown        ","2 Adults Kids   ","3 ","1           ",14.66,5,"35-49K  "
426,0,0,0,0,1.74,0,0,0,0,0,903.98,24,"45-54","U","Homeowner      ","2 Adults No Kids","2 ","None/Unknown",3.03,2,"50-74K  "
428,0,0,11.88,0,4.38,0.3,2,0,0,3.49,861.800000000001,25,"19-24","U","Probable Owner ","2 Adults No Kids","2 ","None/Unknown",23.03,7,"50-74K  "
434,0,0,3.81,0,0,0.3,0,0,0,0,696.46,18,"35-44","A","Homeowner      ","2 Adults Kids   ","3 ","1           ",4.11,3,"Under 25"
437,0,0,42.59,0,11.4,0,4,0,0,6.98,2094.33,22,"25-34","A","Homeowner      ","2 Adults Kids   ","5+","3+          ",64.97,11,"50-74K  "
441,0,0,0,0,9.36,0,0,0,0,0,375.15,6,"45-54","B","Homeowner      ","Single Female   ","1 ","None/Unknown",9.36,3,"50-74K  "
442,0,0,1.88,0,0,0,0,0,0,0,162.08,5,"25-34","U","Unknown        ","1 Adult Kids    ","2 ","1           ",1.88,1,"Under 25"
451,0,0,4.38,0,0,0,0,0,0,0,378.3,29,"25-34","B","Renter         ","2 Adults No Kids","2 ","None/Unknown",4.38,2,"Under 25"
454,0,0,28.9,0,3.74,1.98,0,0,0,2.5,1750.33,87,"55-64","U","Unknown        ","Single Male     ","1 ","None/Unknown",37.12,13,"35-49K  "
456,3.76,0,6.58,4,14.73,0,0,3,9.58,0,1526.85,21,"19-24","B","Homeowner      ","2 Adults No Kids","2 ","None/Unknown",41.65,8,"50-74K  "
458,0,0,3.99,1.25,0,0,0,0,0,0,171.61,13,"55-64","A","Homeowner      ","Single Female   ","2 ","None/Unknown",5.24,1,"35-49K  "
460,0,0,2.5,0,0,0,0,0,0,0,120.16,20,"65+  ","B","Homeowner      ","Single Female   ","1 ","None/Unknown",2.5,1,"25-34K  "
462,0,4,2.5,2.29,4,0,0,0,0,0,461.97,31,"65+  ","U","Unknown        ","Single Male     ","1 ","None/Unknown",12.79,3,"100K+   "
464,0,11.76,1.77,7,0,0,0,0,0,0,460.96,27,"65+  ","A","Homeowner      ","2 Adults No Kids","2 ","None/Unknown",20.53,5,"50-74K  "
469,0,0,14.43,14.61,14.07,0,0,5,0,0,2041.49,38,"45-54","U","Probable Owner ","Single Female   ","1 ","None/Unknown",48.11,12,"75-99K  "
483,0,0,8.19,4.98,7.52,0,0,0,0,0,485.52,15,"45-54","U","Unknown        ","Single Female   ","1 ","None/Unknown",20.69,3,"35-49K  "
485,0,0,14.13,0,2.29,0.3,0,0,0,0,692.16,17,"35-44","U","Homeowner      ","Single Male     ","1 ","None/Unknown",16.72,4,"25-34K  "
489,0,0,0,0,2.75,0,0,0,0,0,360.3,11,"55-64","U","Unknown        ","Single Female   ","1 ","None/Unknown",2.75,1,"100K+   "
490,0,0,9.09,8.34,18,0,0,4.89,0,0,811.98,18,"35-44","A","Homeowner      ","2 Adults Kids   ","5+","3+          ",42.32,7,"75-99K  "
491,0,0,0,0,7,0,0,0,0,0,899.01,25,"45-54","A","Unknown        ","Single Female   ","2 ","None/Unknown",7,2,"75-99K  "
492,0,0,15.01,0,27.43,0,4,0,0,0,599.05,8,"45-54","U","Homeowner      ","2 Adults No Kids","2 ","None/Unknown",46.44,6,"50-74K  "
493,0,0,0,0,6.78,0,0,4.89,0,0,467.95,15,"55-64","U","Unknown        ","Unknown         ","1 ","None/Unknown",11.67,2,"50-74K  "
510,0,4.37,0,8.84,0,2.7,0,0,0,0,1285.31,47,"35-44","A","Homeowner      ","2 Adults Kids   ","3 ","1           ",15.91,7,"100K+   "
513,0,0,4.64,2.19,6,0,0,0,0,0,3111.65999999999,42,"45-54","U","Homeowner      ","2 Adults No Kids","2 ","None/Unknown",14.12,5,"75-99K  "
518,0,0,5.68,0,0,0,0,0,0,0,346.9,13,"45-54","A","Homeowner      ","2 Adults No Kids","2 ","None/Unknown",5.68,2,"75-99K  "
523,0,0,3.76,0,0,0,0,0,0,0,1289.26,76,"65+  ","B","Homeowner      ","Single Male     ","1 ","None/Unknown",3.76,3,"35-49K  "
527,0,0,54.87,0,0,0,0,0,0,0,300.84,16,"45-54","U","Homeowner      ","Single Female   ","1 ","None/Unknown",54.87,14,"50-74K  "
534,0,0,1.98,0,0.99,0,0,0,0,0,117.44,48,"45-54","U","Unknown        ","Single Male     ","1 ","None/Unknown",2.97,3,"35-49K  "
542,3.49,0,8.88,0,5.5,0,0,0,0,0,768.93,29,"25-34","U","Unknown        ","Single Female   ","1 ","None/Unknown",19.16,6,"35-49K  "
548,0,0,3.5,0,8.62,0,0,0,0,0,687,16,"35-44","B","Homeowner      ","2 Adults No Kids","2 ","None/Unknown",12.12,5,"75-99K  "
553,0,3.49,0,8.95,1.05,3.3,3.79,0,0,0,1304.88,46,"45-54","U","Homeowner      ","2 Adults No Kids","2 ","None/Unknown",20.58,8,"75-99K  "
560,0,0,9.57,9.92,6.99,2.4,0,3.09,0,3.49,1998.63,86,"19-24","U","Unknown        ","2 Adults No Kids","2 ","None/Unknown",35.46,11,"35-49K  "
569,0,0,0,0,6.09,0,0,0,0,0,2056.32,25,"35-44","A","Homeowner      ","2 Adults Kids   ","3 ","1           ",6.09,2,"100K+   "
574,5.79,9.28,23.36,4.58,8.7,0,0,0,0,2.49,854.9,16,"35-44","A","Homeowner      ","2 Adults Kids   ","3 ","1           ",54.2,11,"75-99K  "
575,2,4.29,13.57,0,2,1.8,8.55,0,0,6.98,2123.75,74,"35-44","U","Unknown        ","Single Female   ","1 ","None/Unknown",39.19,13,"50-74K  "
576,1.19,3.49,21.85,10.83,3.49,1.98,1.05,0,0,0,1004.38,57,"55-64","A","Homeowner      ","Single Male     ","2 ","None/Unknown",43.88,11,"35-49K  "
582,0,0,6.38,8.98,18.08,0,0,8.07,0,0,1218.86,29,"45-54","A","Homeowner      ","Unknown         ","3 ","1           ",41.51,7,"100K+   "
583,0,0,1.79,0,1.5,0,0,2.39,2.99,0,527.62,15,"35-44","B","Unknown        ","Single Female   ","1 ","None/Unknown",8.67,3,"Under 25"
586,0,0,0,0,2,0,2,0.89,0,0,625.19,41,"19-24","A","Renter         ","2 Adults Kids   ","3 ","1           ",4.89,2,"35-49K  "
588,0,0,3.17,0,1.88,1.2,0,0,8.49,0,720.09,27,"35-44","A","Homeowner      ","2 Adults Kids   ","5+","3+          ",14.74,4,"50-74K  "
595,0,0,9.13,0,2.87,0.99,0,0,0,0,314.63,22,"25-34","U","Unknown        ","2 Adults Kids   ","3 ","1           ",12.99,5,"35-49K  "
596,0,0,0,0,0,0,0,0,23.06,2.49,556.28,21,"45-54","A","Homeowner      ","1 Adult Kids    ","3 ","1           ",25.55,3,"Under 25"
597,0,0,4.38,0,2,1.2,0,0,0,0,583.29,24,"19-24","U","Unknown        ","1 Adult Kids    ","2 ","1           ",7.58,4,"Under 25"
598,0,0,2,0,0,0,0,0,0,0,444.75,43,"35-44","B","Unknown        ","Single Female   ","1 ","None/Unknown",2,1,"25-34K  "
601,1.88,0,0,1.49,1.05,0,0,0,0,0,912.22,12,"35-44","A","Homeowner      ","2 Adults Kids   ","4 ","2           ",4.42,3,"100K+   "
605,0,0,6.98,0,0,0,0,0,0,0,147.92,8,"25-34","A","Homeowner      ","2 Adults Kids   ","4 ","2           ",6.98,2,"75-99K  "
606,0,1.79,7.52,0,6.24,0,0,2.5,0,0,685.75,24,"45-54","U","Probable Renter","Unknown         ","1 ","None/Unknown",18.05,3,"35-49K  "
607,4.07,0,16.14,0,0,1.2,0,4.78,0,0,1459.2,104,"45-54","U","Unknown        ","Unknown         ","1 ","None/Unknown",26.19,11,"100K+   "
608,2,7.47,0,0,0,15.6,0,0,0,0,643.010000000001,40,"25-34","B","Renter         ","1 Adult Kids    ","5+","3+          ",25.07,11,"25-34K  "
609,0,3,0,0,2,0,0,2.5,0,0,217.42,34,"45-54","U","Unknown        ","Unknown         ","1 ","None/Unknown",7.5,2,"50-74K  "
614,2.29,0,0,0,0,0,0,0,0,0,136.24,6,"35-44","A","Unknown        ","2 Adults Kids   ","4 ","2           ",2.29,1,"Under 25"
621,0,4.98,3.79,0,0,0,0,0,0,0,283.14,20,"45-54","U","Unknown        ","Single Male     ","1 ","None/Unknown",8.77,4,"35-49K  "
623,0,0,5,0,0,0.3,0,0,0,0,762.03,20,"45-54","A","Homeowner      ","2 Adults Kids   ","3 ","1           ",5.3,2,"35-49K  "
624,7,13.64,42.27,0.99,6.51,0,0,0,0,0,1438.46,44,"45-54","U","Unknown        ","Unknown         ","1 ","None/Unknown",70.41,11,"50-74K  "
630,0,0,17.48,1.05,13.36,0,0,0,0,0,1625.99,60,"35-44","A","Homeowner      ","2 Adults Kids   ","3 ","1           ",31.89,10,"35-49K  "
631,0,0,0,4.58,12.97,0,0,0,0,0,2241.63,111,"65+  ","A","Homeowner      ","2 Adults Kids   ","3 ","1           ",17.55,9,"100K+   "
644,0,0,6.67,3.38,2.5,0,0,0,0,0,596.110000000001,32,"65+  ","A","Homeowner      ","2 Adults No Kids","2 ","None/Unknown",12.55,5,"75-99K  "
647,0,3.49,15.8,0,8.99,0,0,2.39,0,0,754.02,20,"35-44","A","Renter         ","2 Adults Kids   ","4 ","2           ",30.67,8,"50-74K  "
660,0,0,11.27,7.67,0,0,0,0,5.99,0,1043.69,20,"55-64","A","Homeowner      ","Unknown         ","2 ","None/Unknown",24.93,4,"50-74K  "
661,0,0,14.4,0,9.74,0,0,0,0,0,1157.12,25,"45-54","U","Homeowner      ","Unknown         ","1 ","None/Unknown",24.14,5,"50-74K  "
670,0,0,2.14,4.36,2,0,0,0,0,0,844.04,38,"55-64","A","Unknown        ","2 Adults Kids   ","3 ","1           ",8.5,4,"35-49K  "
671,0,0,7.99,1.49,5.95,0,0,0,0,0,1783.66,39,"35-44","U","Homeowner      ","Single Female   ","1 ","None/Unknown",15.43,3,"35-49K  "
672,0,0,14,0,0,0,0,0,0,0,289.34,18,"35-44","U","Unknown        ","2 Adults No Kids","2 ","None/Unknown",14,3,"25-34K  "
680,0,0,1.88,1.05,0,0,0,0,0,0,263.82,12,"45-54","U","Homeowner      ","Unknown         ","1 ","None/Unknown",2.93,1,"50-74K  "
682,1.67,0,9.14,0,3.24,1.2,0,0,0,0,1603.33,89,"65+  ","A","Homeowner      ","2 Adults No Kids","2 ","None/Unknown",15.25,7,"100K+   "
685,1.5,0,0,0,2.75,0,0,0,0,0,841.040000000001,17,"35-44","A","Unknown        ","Single Female   ","2 ","None/Unknown",4.25,2,"Under 25"
688,0,0,2.5,0,0,1.5,0,0,0,3.49,321.54,4,"35-44","A","Homeowner      ","2 Adults Kids   ","3 ","1           ",7.49,3,"100K+   "
690,0,0,1.99,4,1.88,0,0,0,0,0,883.25,59,"65+  ","B","Homeowner      ","Single Female   ","1 ","None/Unknown",7.87,2,"Under 25"
693,0,0,7.25,2.5,3.76,0,0,0,0,0,1510.91,35,"45-54","U","Unknown        ","2 Adults No Kids","2 ","None/Unknown",13.51,5,"Under 25"
696,0,3.49,7.28,0,5.49,1.2,0,3.19,0,0,1881.73,37,"35-44","U","Homeowner      ","2 Adults No Kids","2 ","None/Unknown",20.65,5,"50-74K  "
699,6,0,12,0,7.75,0,0,0,0,0,1833.81,29,"45-54","A","Homeowner      ","2 Adults No Kids","2 ","None/Unknown",25.75,9,"50-74K  "
707,3.49,2,19.09,5.55,11.35,0,0,2.5,0,0,2342.01,48,"25-34","A","Homeowner      ","2 Adults Kids   ","5+","3+          ",43.98,10,"100K+   "
708,0,0,0,0,4,0,0,2.5,0,0,514.82,16,"35-44","A","Homeowner      ","2 Adults Kids   ","4 ","2           ",6.5,2,"100K+   "
712,0,0,6.98,10.09,27.55,0,2,4,0,0,2675.73999999999,55,"65+  ","A","Homeowner      ","2 Adults No Kids","2 ","None/Unknown",52.11,14,"50-74K  "
714,5.39,0,16.05,0,12.32,0.3,4.5,1.78,0,7.5,803.590000000001,54,"55-64","U","Unknown        ","2 Adults Kids   ","3 ","1           ",47.84,11,"Under 25"
715,0,0,2.14,0,0,3.9,0,0,0,0,669.340000000001,35,"55-64","A","Homeowner      ","2 Adults No Kids","2 ","None/Unknown",6.04,2,"Under 25"
716,0,0,1,0,7.98,0,1.05,0,0,0,322.08,14,"45-54","A","Homeowner      ","2 Adults Kids   ","5+","3+          ",10.03,2,"75-99K  "
718,0.94,16.04,20.7,13.01,23.29,7.44,0,4.78,0,0,4710.00999999998,160,"45-54","A","Homeowner      ","2 Adults Kids   ","5+","3+          ",86.2,29,"25-34K  "
722,0,0,0,0,10.27,0,0,0,0,0,1005.03,15,"35-44","A","Homeowner      ","2 Adults No Kids","2 ","None/Unknown",10.27,2,"50-74K  "
725,0,0,7.53,3.34,6.17,0,0,0,0,0,622.41,25,"45-54","U","Unknown        ","Single Female   ","1 ","None/Unknown",17.04,6,"25-34K  "
731,0,0,5.14,0,3.99,1.59,0,0,8.29,0,506.05,53,"45-54","U","Homeowner      ","2 Adults No Kids","2 ","None/Unknown",19.01,5,"35-49K  "
732,1.88,0,0,2.29,9.98,0,0,0,0,0,341.53,11,"55-64","A","Homeowner      ","2 Adults Kids   ","4 ","2           ",16.14,6,"75-99K  "
740,1.88,0,3.76,0,1.88,0,0,0,0,3.49,375.01,5,"45-54","A","Homeowner      ","Single Female   ","2 ","None/Unknown",11.01,1,"100K+   "
742,0,0,2,0,1.88,1.6,0,0,0,0,960.79,87,"35-44","A","Renter         ","1 Adult Kids    ","4 ","2           ",6.08,5,"Under 25"
748,2,0,11.88,0,0,8.58,0,0,0,2.49,745.740000000001,25,"45-54","B","Homeowner      ","2 Adults Kids   ","3 ","1           ",24.95,9,"Under 25"
752,0,0,6.69,0,6.58,0,0,0,0,0,974.810000000001,31,"35-44","A","Renter         ","Single Female   ","2 ","None/Unknown",13.27,3,"75-99K  "
755,0,0,0,0,1.05,0,0,0,0,0,1726.38,70,"35-44","U","Homeowner      ","Unknown         ","1 ","None/Unknown",1.05,1,"50-74K  "
761,0,0,2.99,3.58,9,0,0,0,0,0,750.090000000001,21,"25-34","A","Homeowner      ","1 Adult Kids    ","5+","3+          ",15.57,5,"100K+   "
768,2.29,0,12.32,3.34,2,0,0,2.19,0,0,885.990000000001,56,"35-44","A","Renter         ","Single Female   ","2 ","None/Unknown",22.14,5,"50-74K  "
770,0,0,1.67,0,3.34,0,0,0,0,0,73.13,1,"25-34","A","Homeowner      ","2 Adults Kids   ","5+","3+          ",5.01,1,"50-74K  "
771,0,1.88,2,0,0,0.99,0,0,0,0,407.52,19,"45-54","U","Homeowner      ","Unknown         ","1 ","None/Unknown",4.87,3,"50-74K  "
779,2.49,0,4.19,0,0,0,0,0,0,0,166.92,2,"65+  ","U","Homeowner      ","2 Adults Kids   ","3 ","1           ",6.68,1,"100K+   "
784,2,0,18.03,1.25,22.52,0,6,0,0,0,864.58,39,"45-54","A","Homeowner      ","Single Female   ","2 ","None/Unknown",49.8,12,"100K+   "
785,0,0,3.99,0,0,0,0,0,0,0,584.52,28,"65+  ","A","Homeowner      ","2 Adults No Kids","2 ","None/Unknown",3.99,1,"75-99K  "
786,0,0,0,6,6.89,0,0,0,0,0,891.830000000001,36,"19-24","U","Homeowner      ","2 Adults No Kids","2 ","None/Unknown",12.89,4,"75-99K  "
787,0,0,2.5,0,3,0,0,0,0,0,419.08,29,"25-34","B","Homeowner      ","Single Male     ","1 ","None/Unknown",5.5,2,"25-34K  "
788,0,3.58,7.16,0,7.76,0,0,2.59,0,0,1025.65,39,"25-34","U","Unknown        ","1 Adult Kids    ","2 ","1           ",21.09,6,"Under 25"
800,0,0,0,0,7,0,0,0,0,0,1763.77,88,"25-34","A","Homeowner      ","2 Adults No Kids","2 ","None/Unknown",7,2,"35-49K  "
802,0,0,1.99,0,0,0,0,0,0,0,839.42,16,"65+  ","U","Homeowner      ","2 Adults No Kids","2 ","None/Unknown",1.99,1,"35-49K  "
803,0,0,0,0,3.29,0,0,0,0,0,425.05,10,"25-34","U","Unknown        ","2 Adults No Kids","2 ","None/Unknown",6.77,3,"75-99K  "
808,0,0,6.33,0,2.5,0,0,3.19,0,0,368.46,43,"45-54","U","Homeowner      ","2 Adults Kids   ","3 ","1           ",12.02,5,"75-99K  "
816,1.5,0,0,0,0,0,0,0,0,1.89,970.73,30,"25-34","U","Unknown        ","Single Female   ","1 ","None/Unknown",3.39,2,"50-74K  "
817,0,2,7.4,0,7.48,0,0,0,0,0,554.09,13,"35-44","A","Homeowner      ","2 Adults Kids   ","3 ","1           ",16.88,4,"100K+   "
825,0,0,0,4.29,0,0,0,0,0,0,2691.98999999999,60,"45-54","A","Homeowner      ","2 Adults No Kids","2 ","None/Unknown",4.29,2,"100K+   "
831,4.68,3.49,8.07,4.16,16.52,0,0,5.69,5.99,0,1343.91,24,"45-54","B","Homeowner      ","1 Adult Kids    ","3 ","2           ",48.6,12,"50-74K  "
840,0,0,2.99,0,0,0,0,0,0,0,1571.6,18,"35-44","A","Homeowner      ","2 Adults Kids   ","5+","3+          ",2.99,1,"75-99K  "
844,2.19,0,5.49,0,0,0,0,0,0,0,828.31,17,"45-54","A","Homeowner      ","2 Adults No Kids","2 ","None/Unknown",7.68,2,"100K+   "
845,0,0,20.14,1.67,9.98,0,0,0,0,0,775.180000000001,18,"19-24","B","Homeowner      ","Single Female   ","1 ","None/Unknown",33.28,9,"50-74K  "
852,0,0,0,0,1.05,0,0,0,0,0,170.02,11,"25-34","U","Unknown        ","2 Adults Kids   ","4 ","2           ",1.05,1,"35-49K  "
856,4.49,0,2,7.34,0,0,0,0,0,0,647.53,21,"55-64","B","Homeowner      ","Single Female   ","1 ","None/Unknown",13.83,5,"35-49K  "
859,0,0,8.03,4.58,6.08,0,5.08,0,0,0,1708.3,54,"25-34","U","Unknown        ","Single Female   ","1 ","None/Unknown",23.77,8,"50-74K  "
864,2,16.23,27.66,2.29,12.34,0,0,0,0,0,1282.37,19,"35-44","U","Homeowner      ","Single Female   ","1 ","None/Unknown",60.52,15,"Under 25"
865,0,0,18.18,2,3.76,0,0,0,0,0,618.73,9,"35-44","A","Homeowner      ","2 Adults Kids   ","5+","3+          ",23.94,5,"75-99K  "
866,4.49,0,5,0,0,0,0,0,0,0,912.000000000001,25,"45-54","U","Unknown        ","1 Adult Kids    ","2 ","1           ",9.49,3,"Under 25"
867,0,0,0,0,4.5,0,0,5.58,0,0,1509.19,53,"45-54","U","Homeowner      ","Unknown         ","1 ","None/Unknown",10.08,2,"75-99K  "
868,5.39,0,10.75,0,3.29,0,0,2.5,0,0,1715.56,36,"65+  ","A","Homeowner      ","2 Adults No Kids","2 ","None/Unknown",21.93,4,"35-49K  "
871,0,0,20.92,1.67,7.49,0,3.86,0,0,0,1545,16,"35-44","A","Homeowner      ","2 Adults Kids   ","3 ","1           ",33.94,7,"100K+   "
875,0,0,3.83,0,0,0,0,0,0,0,232.13,10,"25-34","U","Unknown        ","2 Adults Kids   ","3 ","1           ",3.83,2,"25-34K  "
878,2,0,26.74,0,1.67,3.14,0,0,0,2.49,948.170000000001,38,"25-34","U","Unknown        ","1 Adult Kids    ","3 ","2           ",36.04,15,"35-49K  "
879,0,0,6.88,2.25,6.91,0,0,0,0,3.49,373.48,9,"35-44","B","Homeowner      ","2 Adults No Kids","2 ","None/Unknown",19.53,5,"50-74K  "
882,5.58,0,11.39,0,11.12,0.3,0,3.19,0,0,1591.61,50,"45-54","U","Unknown        ","2 Adults No Kids","2 ","None/Unknown",31.58,10,"50-74K  "
883,0,0,5,0,0,0,0,0,0,0,1801.11,76,"35-44","A","Homeowner      ","2 Adults No Kids","2 ","None/Unknown",5,1,"35-49K  "
886,0,0,4.28,0,0,0,2,0,0,0,407.57,13,"35-44","A","Homeowner      ","2 Adults No Kids","2 ","None/Unknown",6.28,1,"100K+   "
888,0,0,11.47,0,5.74,0,0,0,0,0,1103.27,11,"25-34","U","Homeowner      ","2 Adults Kids   ","3 ","1           ",17.21,4,"100K+   "
889,0,0,0,0,0,1,0,0,0,0,2789.45999999999,50,"25-34","A","Homeowner      ","2 Adults Kids   ","4 ","2           ",1,1,"50-74K  "
895,0,0,0,5.98,6.58,0,0,0,5.98,0,1744.43,45,"45-54","U","Unknown        ","Single Male     ","1 ","None/Unknown",18.54,5,"100K+   "
898,0,0,0,0,8.76,0,0,0,0,0,858.340000000001,39,"55-64","A","Homeowner      ","2 Adults No Kids","2 ","None/Unknown",8.76,2,"100K+   "
900,0,0,14.83,1.67,0,0.99,0,0,0,0,2357.15,184,"35-44","A","Homeowner      ","2 Adults No Kids","2 ","None/Unknown",18.49,8,"35-49K  "
903,0,0,0,0,0,0,1.67,0,0,0,365.52,14,"35-44","U","Unknown        ","Single Male     ","1 ","None/Unknown",1.67,1,"35-49K  "
906,0,0,8.55,0,7.38,0.99,0,0,0,0,1531.66,70,"55-64","A","Homeowner      ","Single Female   ","2 ","None/Unknown",16.92,6,"Under 25"
908,0,0,2,0,0,6,1.27,0,0,0,1074.7,34,"45-54","A","Probable Owner ","2 Adults Kids   ","3 ","1           ",9.27,4,"100K+   "
920,0,0,0,0,0,0,0,0,0,3.49,209.97,22,"45-54","A","Homeowner      ","2 Adults Kids   ","5+","3+          ",3.49,1,"35-49K  "
922,0,0,9.98,0,7.98,0,0,0,0,0,604.560000000001,29,"45-54","U","Unknown        ","Unknown         ","1 ","None/Unknown",17.96,5,"35-49K  "
926,0,0,7.88,5.66,11.77,0,0,0,0,0,2388.39,58,"35-44","U","Homeowner      ","2 Adults No Kids","2 ","None/Unknown",25.31,5,"Under 25"
929,0,0,8,0,0,2.4,0,0,0,0,614.47,39,"45-54","B","Renter         ","1 Adult Kids    ","2 ","1           ",10.4,6,"25-34K  "
932,6.29,2,24.33,0,6.58,0.3,3.5,2.5,0,2.49,1456.21,50,"19-24","U","Unknown        ","2 Adults No Kids","2 ","None/Unknown",49.28,11,"Under 25"
934,0,1.88,10.37,2,22.61,0,0,0,0,2.66,1354.77,26,"45-54","U","Unknown        ","Single Female   ","1 ","None/Unknown",40.52,11,"Under 25"
939,0,0,1,0,3.97,2.79,0,0,0,8.29,992.880000000001,40,"45-54","U","Homeowner      ","2 Adults No Kids","2 ","None/Unknown",16.05,10,"75-99K  "
941,0,0,0,5,9.75,0.99,0,0,0,3.49,309.81,15,"19-24","A","Unknown        ","2 Adults No Kids","2 ","None/Unknown",19.23,6,"100K+   "
946,0,0,1.67,0,0,1.39,0,0,0,0,405.19,25,"19-24","U","Unknown        ","Single Female   ","1 ","None/Unknown",3.06,3,"Under 25"
947,0,2.49,0,0,0,0,0,0,0,3.98,614.29,57,"65+  ","B","Homeowner      ","Single Male     ","1 ","None/Unknown",6.47,3,"35-49K  "
949,0,0,20.87,3.34,11.77,0,0,0,0,0,506.8,16,"25-34","U","Homeowner      ","2 Adults No Kids","2 ","None/Unknown",38.96,8,"50-74K  "
955,0,0,1.99,2.39,6.75,3.3,0,2.5,0,0,382.51,28,"19-24","U","Unknown        ","Single Female   ","1 ","None/Unknown",16.93,6,"Under 25"
956,0,0,20.76,0,2.62,0,0,0,0,0,2164.08,123,"45-54","U","Homeowner      ","2 Adults No Kids","2 ","None/Unknown",23.38,9,"50-74K  "
968,0,0,17.22,2.39,19.77,0,4.05,0,0,0,1984.54,43,"35-44","B","Renter         ","1 Adult Kids    ","2 ","1           ",43.43,9,"35-49K  "
971,0,3.49,0,0,6.92,0,0,3.19,0,0,460.12,16,"25-34","A","Homeowner      ","2 Adults Kids   ","3 ","1           ",13.6,3,"35-49K  "
976,0,0,0,0,18.87,0,0,0,0,0,627.250000000001,12,"25-34","A","Homeowner      ","2 Adults Kids   ","5+","3+          ",18.87,2,"100K+   "
979,2,0,8.67,0,14.84,0,0,2.39,0,0,2440.09,50,"35-44","B","Homeowner      ","1 Adult Kids    ","2 ","1           ",27.9,4,"35-49K  "
981,2,0,0,0,0,0,0,0,0,0,238.76,7,"45-54","A","Homeowner      ","Single Female   ","2 ","None/Unknown",2,1,"25-34K  "
982,9.28,3.49,10.43,6.45,1.67,2.1,0,2.39,0,0,3804.06999999998,79,"45-54","U","Unknown        ","2 Adults Kids   ","4 ","2           ",38.39,13,"35-49K  "
983,0,0,9.25,0,19.6,0,0,0,0,0,501.14,23,"45-54","A","Homeowner      ","2 Adults Kids   ","3 ","1           ",28.85,7,"35-49K  "
992,0,0,0,0,2.75,0,0,0,0,0,133.6,4,"45-54","A","Homeowner      ","2 Adults Kids   ","3 ","1           ",2.75,1,"35-49K  "
993,0,0,2.5,1.67,3.29,0,0,0,0,0,360.36,13,"55-64","A","Homeowner      ","1 Adult Kids    ","5+","3+          ",7.46,1,"50-74K  "
996,0,3.88,1.77,0,0,0,0,0,0,0.99,370.86,33,"55-64","A","Homeowner      ","2 Adults No Kids","2 ","None/Unknown",6.64,4,"25-34K  "
997,2.49,0,6,0,7.98,0,0,0,0,0,981.23,21,"45-54","U","Homeowner      ","Single Male     ","1 ","None/Unknown",16.47,3,"75-99K  "
1001,0,0,1.88,0,0,0,0,0,0,0,650.09,19,"45-54","U","Homeowner      ","Unknown         ","1 ","None/Unknown",1.88,1,"50-74K  "
1003,0,0,1.67,0,0,0,0,0,0,0,683.670000000001,19,"35-44","U","Unknown        ","Single Female   ","1 ","None/Unknown",1.67,1,"25-34K  "
1004,0,0,0,0,0,0,0,0,0,3.49,387.69,31,"25-34","U","Unknown        ","Single Male     ","1 ","None/Unknown",3.49,1,"Under 25"
1012,0,0,0,0,0,0,1.5,0,0,0,701.45,22,"35-44","A","Unknown        ","Unknown         ","5+","3+          ",1.5,1,"35-49K  "
1014,0,0,6.5,0,0,1.09,0,0,0,0,397.32,16,"45-54","A","Unknown        ","2 Adults Kids   ","4 ","2           ",7.59,3,"Under 25"
1015,0,0,0,0,0,0.99,0,5.68,0,0,789.670000000001,29,"45-54","U","Homeowner      ","Unknown         ","1 ","None/Unknown",6.67,2,"50-74K  "
1018,0,0,0,2.29,1.05,0,0,5.26,0,0,467.13,76,"45-54","A","Homeowner      ","2 Adults Kids   ","5+","3+          ",8.6,3,"35-49K  "
1020,0,0,6.46,0,4.24,0,0,0,0,0,1434.33,29,"45-54","A","Homeowner      ","2 Adults No Kids","2 ","None/Unknown",10.7,5,"25-34K  "
1021,0,0,3.89,0,0,0.3,0,0,0,0,476.35,17,"35-44","A","Homeowner      ","2 Adults Kids   ","5+","3+          ",4.19,2,"50-74K  "
1024,4.19,0,17.71,0,4.6,0,0,0,8.49,1.89,1837.91,26,"25-34","A","Homeowner      ","2 Adults Kids   ","4 ","2           ",36.88,7,"Under 25"
1038,0,0,0,0,0,1.5,0,0,0,0,307.79,58,"55-64","U","Probable Renter","Single Male     ","1 ","None/Unknown",1.5,1,"Under 25"
1040,6.78,0,46.87,18.25,14.86,0,0,0,0,0,1133.7,54,"25-34","B","Unknown        ","Single Male     ","1 ","None/Unknown",86.76,21,"100K+   "
1041,0,0,0,0,0,2.7,0,0,0,0,323.11,18,"25-34","U","Unknown        ","Single Male     ","1 ","None/Unknown",2.7,1,"35-49K  "
1042,0,0,7.21,3.87,11.54,0,0,0,0,0,980.970000000001,50,"25-34","U","Homeowner      ","2 Adults No Kids","2 ","None/Unknown",22.62,11,"75-99K  "
1045,0,0,3.14,5.83,6.51,0,0,4.98,0,0,937.19,67,"25-34","A","Homeowner      ","Single Male     ","2 ","None/Unknown",20.46,7,"Under 25"
1060,0,0,35.15,4.78,13,0,2.49,0,0,0,2004.47,18,"35-44","B","Renter         ","2 Adults No Kids","2 ","None/Unknown",55.42,15,"35-49K  "
1062,2,0,7.55,0,0.99,0,0,3.19,0,0,443.12,36,"65+  ","U","Homeowner      ","2 Adults No Kids","2 ","None/Unknown",13.73,3,"Under 25"
1066,0,0,5,0,0,0,0,0,0,0,480,43,"35-44","U","Unknown        ","2 Adults No Kids","2 ","None/Unknown",5,2,"25-34K  "
1070,2,0,11.26,4.39,9.92,0,0,3.19,0,0,1201.76,42,"35-44","U","Homeowner      ","2 Adults No Kids","2 ","None/Unknown",30.76,9,"50-74K  "
1074,3.98,9.98,12.15,2.29,17.28,0,0,12.07,5.99,0,823.78,16,"45-54","A","Homeowner      ","2 Adults Kids   ","4 ","2           ",63.74,6,"35-49K  "
1076,0,1.88,5,0,12.86,0,0,5.69,0,0,995.130000000001,32,"25-34","B","Homeowner      ","2 Adults No Kids","2 ","None/Unknown",25.43,5,"35-49K  "
1081,0,3.49,8.99,8.46,0,0,0,0,0,0,1607.41,28,"55-64","A","Homeowner      ","2 Adults No Kids","2 ","None/Unknown",20.94,6,"75-99K  "
1082,0,0,0,0,3.65,0,0,0,0,0,238.38,23,"45-54","U","Unknown        ","Single Male     ","1 ","None/Unknown",3.65,2,"35-49K  "
1084,0,0,0,0,3,4.23,0,0,0,0,325.02,43,"25-34","U","Unknown        ","2 Adults Kids   ","3 ","1           ",7.23,6,"35-49K  "
1091,2,2,8.97,1.15,0,0,1.5,0,0,4.98,932.610000000001,25,"45-54","A","Homeowner      ","2 Adults No Kids","2 ","None/Unknown",20.6,4,"75-99K  "
1094,0,0,9.33,0,0,0,0,0,0,0,228.96,11,"45-54","A","Homeowner      ","2 Adults Kids   ","5+","3+          ",9.33,3,"75-99K  "
1103,0,0,0,0,0,4.5,0,0,0,0,885.18,25,"35-44","A","Homeowner      ","2 Adults Kids   ","3 ","1           ",4.5,3,"50-74K  "
1113,0,0,0,0,10.98,0,0,0,0,0,1018.39,33,"45-54","A","Homeowner      ","2 Adults Kids   ","3 ","1           ",10.98,2,"50-74K  "
1120,0,0,5.21,0,0,0,0,0,0,0,558.7,29,"35-44","B","Renter         ","2 Adults Kids   ","4 ","2           ",5.21,2,"Under 25"
1123,7.37,5.76,15.05,0,3.55,0,0,0,0,0,1220.89,22,"55-64","A","Unknown        ","Single Female   ","2 ","None/Unknown",31.73,6,"Under 25"
1128,0,0,10.93,0,0,0.99,0,0,0,3.99,515.65,55,"25-34","U","Unknown        ","2 Adults Kids   ","3 ","1           ",15.91,4,"75-99K  "
1130,2.27,2,13,2,4.88,2.6,0,2.5,0,0,1794.52,101,"55-64","U","Renter         ","2 Adults Kids   ","3 ","1           ",29.25,11,"25-34K  "
1131,0,0,5,0,0,0,0,0,0,0,288.41,11,"45-54","B","Homeowner      ","2 Adults Kids   ","3 ","1           ",5,1,"50-74K  "
1138,4.78,16.37,12.76,18.32,1.74,0,1.19,3.19,0,0,844.100000000001,43,"35-44","U","Unknown        ","2 Adults No Kids","2 ","None/Unknown",58.35,16,"Under 25"
1142,0,0,20.64,6.87,1.5,0,0,0,0,0,2651.83,58,"45-54","A","Homeowner      ","2 Adults No Kids","2 ","None/Unknown",29.01,11,"50-74K  "
1146,0,0,3.49,0,2.78,2.4,1.05,0,0,0,675.350000000001,38,"35-44","B","Homeowner      ","1 Adult Kids    ","4 ","3+          ",9.72,5,"35-49K  "
1151,0,0,3.49,0,0,0,0,0,0,0,248.46,13,"45-54","U","Probable Renter","Single Male     ","1 ","None/Unknown",3.49,1,"Under 25"
1154,0,2,2.5,0,0,0,0,0,0,0,450.64,17,"45-54","A","Homeowner      ","Unknown         ","2 ","None/Unknown",4.5,1,"35-49K  "
1158,0,0,3.87,2.29,0,0,0,0,0,0,253.71,20,"45-54","U","Homeowner      ","2 Adults No Kids","2 ","None/Unknown",6.16,3,"Under 25"
1159,0,0,6.49,0,0,0,0,0,5.99,0,1150.48,50,"45-54","A","Homeowner      ","2 Adults No Kids","2 ","None/Unknown",12.48,2,"Under 25"
1160,0,0,11.84,0,2.75,0.3,0,0,0,0,1134.07,30,"65+  ","U","Homeowner      ","Single Female   ","1 ","None/Unknown",14.89,6,"35-49K  "
1163,1.5,0,5.64,0,3,0,1.5,0,0,0,930.780000000001,31,"35-44","U","Unknown        ","Unknown         ","1 ","None/Unknown",11.64,3,"Under 25"
1166,0,2,3.47,0,7.08,1.2,0,0,0,0,2019.89,76,"45-54","A","Homeowner      ","2 Adults Kids   ","3 ","1           ",13.75,5,"100K+   "
1167,3.39,4.98,0,0,7.19,0,0,0,0,0,1147.41,19,"35-44","U","Homeowner      ","2 Adults Kids   ","4 ","2           ",15.56,4,"50-74K  "
1169,0,1.79,16.61,0,5.08,2.1,0,0,0,0,1099.09,27,"19-24","A","Homeowner      ","2 Adults No Kids","2 ","None/Unknown",25.58,11,"Under 25"
1172,0,0,5.64,0,0,0,0,6,0,0,548.61,19,"25-34","B","Unknown        ","Single Male     ","1 ","None/Unknown",11.64,1,"50-74K  "
1174,0,0,0,0,0,0.93,0,0,0,0,106.53,6,"25-34","U","Unknown        ","2 Adults Kids   ","5+","3+          ",0.93,1,"Under 25"
1175,0,0,2.89,0,3,0,2.49,0,0,0,1180.37,22,"25-34","A","Homeowner      ","Single Female   ","2 ","None/Unknown",8.38,3,"50-74K  "
1178,0,0,4.14,1.2,6.74,0,0,0,0,0,1231.04,40,"45-54","U","Unknown        ","Single Female   ","1 ","None/Unknown",12.08,6,"Under 25"
1179,0,0,2.5,0,7.39,0,0,0,0,0,604.67,11,"35-44","A","Homeowner      ","2 Adults No Kids","2 ","None/Unknown",9.89,3,"50-74K  "
1186,0,0,0,0,1.99,0,0,0,0,0,560.18,8,"45-54","A","Homeowner      ","1 Adult Kids    ","5+","3+          ",1.99,1,"50-74K  "
1188,2.55,4.08,9.91,0,0,0,1.5,2.59,0,0,738.760000000001,25,"45-54","U","Renter         ","Unknown         ","1 ","None/Unknown",21.63,8,"35-49K  "
1190,3.29,4.49,12.68,0,4.5,1.2,2,0,0,0,570.69,44,"25-34","U","Homeowner      ","2 Adults No Kids","2 ","None/Unknown",28.16,8,"35-49K  "
1197,6.98,0,8.49,0,13.38,0,0,3.19,0,0,916.690000000001,21,"35-44","A","Homeowner      ","2 Adults No Kids","2 ","None/Unknown",32.04,4,"100K+   "
1218,0,0,7.77,0,9.13,0,0,2.5,0,0,655.39,16,"45-54","A","Homeowner      ","2 Adults Kids   ","4 ","2           ",19.4,3,"35-49K  "
1222,2,0,5.67,1.67,5,0,0,0,0,0,954.660000000001,32,"45-54","U","Homeowner      ","Single Female   ","1 ","None/Unknown",14.34,4,"Under 25"
1226,0,0,0,0,1.88,0,0,0,0,0,462.38,9,"25-34","B","Homeowner      ","1 Adult Kids    ","3 ","2           ",2.88,1,"35-49K  "
1228,0,0,39.24,12.64,2.39,0,0,0,0,0,2902.97,180,"45-54","U","Unknown        ","Single Female   ","1 ","None/Unknown",54.27,21,"100K+   "
1234,0,0,19.64,0,0,0,0,0,0,0,491.02,5,"45-54","B","Homeowner      ","2 Adults No Kids","2 ","None/Unknown",19.64,4,"35-49K  "
1236,2.29,0,44.86,0,3.34,0,1.05,0,0,0,1157.81,44,"35-44","U","Unknown        ","2 Adults Kids   ","3 ","1           ",51.54,18,"50-74K  "
1240,0,3.49,10.28,0,9.25,0,0,14.45,0,0,1065.56,25,"45-54","U","Homeowner      ","2 Adults No Kids","2 ","None/Unknown",37.47,6,"Under 25"
1247,0,0,9.38,4.16,3.49,0,0,0,0,0,738.370000000001,15,"35-44","A","Homeowner      ","2 Adults No Kids","2 ","None/Unknown",20.01,5,"35-49K  "
1248,2,0,9.57,0,5.88,0.3,0,4.78,0,0,2561.85,40,"45-54","U","Unknown        ","1 Adult Kids    ","2 ","1           ",22.53,6,"50-74K  "
1256,0,0,0,0,0,0.3,0,0,3,0,989.170000000001,34,"45-54","U","Unknown        ","1 Adult Kids    ","2 ","1           ",3.3,2,"50-74K  "
1260,0,0,0,5,4.17,1.59,0,0,0,0,3262.97999999997,49,"65+  ","U","Homeowner      ","Single Male     ","1 ","None/Unknown",12.64,4,"50-74K  "
1261,1.88,0,13.22,0,0,0,0,4.68,0,0,625.78,34,"45-54","A","Homeowner      ","Single Female   ","2 ","None/Unknown",19.78,5,"25-34K  "
1263,0,0,0,1,0,0,0,0,0,0,852.32,33,"25-34","B","Unknown        ","Single Male     ","1 ","None/Unknown",1,1,"Under 25"
1264,0,0,9.87,0,3.76,0,2.75,0,3.59,0,1092.88,19,"45-54","U","Unknown        ","Single Male     ","1 ","None/Unknown",19.97,4,"Under 25"
1268,0,7.98,9,2.49,3.29,0,0,3.19,0,3.49,753.140000000001,19,"35-44","U","Homeowner      ","2 Adults Kids   ","4 ","2           ",29.44,6,"Under 25"
1272,0,0,2.5,1.99,17.9,0,0,31.24,0,0,2062.27,49,"65+  ","A","Homeowner      ","Single Female   ","2 ","None/Unknown",53.63,16,"35-49K  "
1285,0,3.76,3.81,0,0,0,0,0,0,0,549.79,12,"25-34","B","Renter         ","1 Adult Kids    ","3 ","2           ",7.57,2,"25-34K  "
1291,0,0,3,0,0,1.2,0,0,0,0,309.73,16,"55-64","A","Homeowner      ","Single Male     ","2 ","None/Unknown",4.2,2,"35-49K  "
1296,0,0,0,0,0,0,2,0,0,0,346.87,15,"65+  ","A","Homeowner      ","Single Female   ","2 ","None/Unknown",2,1,"25-34K  "
1299,2.19,0,24.54,0,0,0,0,0,0,2.19,1252.97,34,"35-44","U","Renter         ","2 Adults Kids   ","4 ","2           ",28.92,9,"Under 25"
1300,0,0,0,0,2,0,0,0,0,0,108.1,7,"45-54","A","Homeowner      ","2 Adults Kids   ","4 ","2           ",2,1,"50-74K  "
1305,0,2,17.49,0,17.53,7.8,0,13.55,0,4.98,1996.11,111,"19-24","B","Renter         ","1 Adult Kids    ","2 ","1           ",63.35,16,"Under 25"
1316,0,1.79,4.38,0,5.5,0,0,0,0,0,551.840000000001,11,"55-64","U","Unknown        ","2 Adults No Kids","2 ","None/Unknown",11.67,3,"35-49K  "
1326,4,0,1.5,2,2.75,0,0,0,0,0,373.55,42,"45-54","U","Homeowner      ","Single Male     ","1 ","None/Unknown",10.25,3,"Under 25"
1333,0,0,5.99,0,6.74,0,0,6.49,0,0,721.19,16,"45-54","U","Homeowner      ","2 Adults Kids   ","4 ","2           ",19.22,4,"100K+   "
1337,2,0,8.67,2.29,2,0,2,0,0,0,1270.36,23,"45-54","U","Homeowner      ","2 Adults Kids   ","4 ","2           ",16.96,7,"50-74K  "
1354,2,0,4.38,0,1.74,0,4,0,0,0,205.51,7,"65+  ","B","Homeowner      ","2 Adults No Kids","2 ","None/Unknown",12.12,4,"Under 25"
1364,0,0,6.49,3,0,0,0,0,0,0,732.3,44,"65+  ","B","Homeowner      ","Single Female   ","1 ","None/Unknown",9.49,3,"100K+   "
1367,7.25,7.43,35.94,12.7,27.14,0,0,9.37,0,0,2600.60999999999,64,"35-44","U","Homeowner      ","2 Adults Kids   ","3 ","1           ",99.83,17,"75-99K  "
1370,0,2.49,9.15,0,0,0,0,0,0,0,1234.77,12,"65+  ","U","Homeowner      ","2 Adults No Kids","2 ","None/Unknown",11.64,5,"25-34K  "
1376,0,0,8.49,0,8.74,2.1,0,0,0,0,1129.82,34,"55-64","U","Homeowner      ","Unknown         ","1 ","None/Unknown",19.33,8,"50-74K  "
1378,0,0,0,0,6.22,0,0,0,0,0,1479.15,29,"25-34","U","Unknown        ","Single Female   ","1 ","None/Unknown",6.22,2,"100K+   "
1382,0,4.49,12.16,0,6.58,0.6,0,0,0,0,927.540000000001,32,"45-54","U","Homeowner      ","2 Adults No Kids","2 ","None/Unknown",23.83,6,"50-74K  "
1388,12.14,0,14.44,36.19,0,12.48,0,0,0,0,2062.02,53,"35-44","A","Unknown        ","2 Adults Kids   ","3 ","1           ",75.25,17,"100K+   "
1391,2.19,0,10.76,0,0,0,0,0,0,1.98,1658.98,36,"45-54","A","Homeowner      ","2 Adults No Kids","2 ","None/Unknown",14.93,5,"50-74K  "
1394,0,0,7.5,0,0,5.1,0,0,0,0,501.38,17,"45-54","A","Homeowner      ","2 Adults No Kids","2 ","None/Unknown",12.6,5,"50-74K  "
1396,2.29,14.13,33.86,3.29,8.49,0,1.05,4.08,0,0,2047.4,56,"65+  ","A","Homeowner      ","2 Adults No Kids","2 ","None/Unknown",69.93,19,"100K+   "
1397,0,0,7.3,0,0,1.8,0,0,0,0,650.27,39,"45-54","B","Renter         ","Single Female   ","1 ","None/Unknown",9.1,4,"35-49K  "
1418,0,0,1.88,2.19,0,0,1.27,0,0,0,617.790000000001,19,"25-34","A","Homeowner      ","2 Adults Kids   ","3 ","1           ",5.34,3,"35-49K  "
1419,1.79,7.52,25.61,0.25,13.06,10.53,0,2.39,0,3.49,1682.61,116,"35-44","U","Unknown        ","Single Female   ","1 ","None/Unknown",64.94,32,"35-49K  "
1421,5.29,4,16.17,6.87,10.64,0,0,0,0,0,1087.27,44,"35-44","A","Homeowner      ","2 Adults No Kids","2 ","None/Unknown",42.97,10,"50-74K  "
1425,0,0,6.89,3.96,7.5,0,0,0,0,6.66,635.98,17,"19-24","B","Unknown        ","2 Adults Kids   ","3 ","1           ",25.01,7,"50-74K  "
1428,2,0,0,0,16.98,0,0,0,0,0,162.39,6,"55-64","U","Unknown        ","2 Adults No Kids","2 ","None/Unknown",18.98,3,"35-49K  "
1430,0,0,6.99,10,0,0,0,0,0,0,2848.05999999999,57,"35-44","A","Homeowner      ","2 Adults Kids   ","3 ","1           ",16.99,7,"35-49K  "
1443,0,0,6.98,1.25,0,0,0,0,0,0,571.08,48,"35-44","U","Unknown        ","2 Adults No Kids","2 ","None/Unknown",8.23,3,"100K+   "
1445,0,0,0,0,12.93,0,0,0,0,0,124.74,6,"35-44","A","Homeowner      ","2 Adults No Kids","2 ","None/Unknown",12.93,3,"Under 25"
1452,0,0,1.99,0,0,3.6,2,0,0,0,222.8,57,"45-54","A","Unknown        ","2 Adults Kids   ","3 ","1           ",7.59,7,"25-34K  "
1453,2,6,23.38,11.49,6.75,0,0,0,0,0,2418.25999999999,29,"45-54","A","Homeowner      ","2 Adults Kids   ","3 ","1           ",49.62,8,"100K+   "
1461,0,0,3.76,0,0,2.1,0,2.39,0,5,1016.67,80,"35-44","U","Homeowner      ","2 Adults No Kids","2 ","None/Unknown",13.25,4,"25-34K  "
1462,2,0,0,0,0,0,0,0,0,0,705.75,19,"25-34","A","Renter         ","2 Adults No Kids","2 ","None/Unknown",4.29,2,"50-74K  "
1467,5,2.49,4,0,0,0,0,0,0,0,215.13,5,"35-44","A","Probable Owner ","2 Adults Kids   ","4 ","2           ",11.49,1,"50-74K  "
1468,0,0,0,2.39,3.29,0,0,0,0,0,1865.45,35,"65+  ","A","Homeowner      ","2 Adults No Kids","2 ","None/Unknown",5.68,2,"75-99K  "
1475,0,0,7.14,0,0,0,0,0,0,0,1735.61,47,"25-34","B","Homeowner      ","Single Male     ","1 ","None/Unknown",7.14,2,"50-74K  "
1481,2,2,0,0,0,0,0,0,0,0,177.51,9,"19-24","U","Unknown        ","Single Male     ","1 ","None/Unknown",4,1,"35-49K  "
1483,0,0,15.9,0,3.99,1.2,0,2.5,0,0,725.690000000001,23,"19-24","U","Unknown        ","Unknown         ","1 ","None/Unknown",23.59,9,"Under 25"
1484,0,0,2.15,5.29,12.32,0,0,0,0,0,363.41,7,"19-24","A","Homeowner      ","2 Adults No Kids","2 ","None/Unknown",19.76,7,"35-49K  "
1485,0,2,0,3.66,5.5,0,0,0,0,0,775.63,17,"35-44","U","Homeowner      ","Single Male     ","1 ","None/Unknown",11.16,3,"50-74K  "
1488,0,0,0,0,2.75,0,0,0,0,0,177.82,5,"25-34","A","Probable Owner ","Single Female   ","2 ","None/Unknown",2.75,1,"50-74K  "
1491,0,3.49,3.19,0,0,0,0,0,0,0,882.910000000001,54,"65+  ","U","Homeowner      ","2 Adults No Kids","2 ","None/Unknown",6.68,2,"35-49K  "
1494,2,0,0,0,0,0.93,0,0,0,0,424.38,13,"65+  ","B","Unknown        ","Single Female   ","1 ","None/Unknown",2.93,1,"25-34K  "
1505,0,2.49,10.3,0,6.51,0.93,0,9.57,0,0,414.81,16,"45-54","U","Unknown        ","Single Female   ","1 ","None/Unknown",29.8,8,"25-34K  "
1509,0,2,0,0,2.5,0,0,2.39,0,0,1090.76,42,"45-54","A","Homeowner      ","2 Adults No Kids","2 ","None/Unknown",6.89,2,"50-74K  "
1517,0,0,11.17,4,2.75,0,0,0,0,3.49,511.45,22,"45-54","A","Homeowner      ","2 Adults Kids   ","4 ","2           ",21.41,3,"50-74K  "
1524,0,0,2.89,0,0,0,0,2.19,0,0,235.22,6,"45-54","A","Homeowner      ","2 Adults No Kids","2 ","None/Unknown",5.08,1,"35-49K  "
1527,0,0,18.5,2.29,20.7,0,2,0,0,0,2688.5,52,"25-34","A","Homeowner      ","2 Adults No Kids","2 ","None/Unknown",43.49,10,"50-74K  "
1528,0,0,8.17,4,1.67,0.93,0,0,0,0,1053.37,39,"35-44","B","Unknown        ","Single Female   ","1 ","None/Unknown",16.76,7,"100K+   "
1529,4,4,1.77,0,0,0,0,0,0,0,1446.69,30,"45-54","U","Unknown        ","Single Male     ","1 ","None/Unknown",9.77,2,"50-74K  "
1534,0,0,3.49,28.84,0,2.79,0,4.58,0,0,693.85,34,"25-34","A","Renter         ","2 Adults Kids   ","3 ","1           ",39.7,10,"75-99K  "
1536,3.39,6.98,5,2.3,17.31,0,0,8.19,0,0,1567.84,35,"45-54","U","Unknown        ","Unknown         ","1 ","None/Unknown",43.17,7,"50-74K  "
1537,0,0,0,1.2,2,0,0,0,0,0,1114.1,48,"19-24","A","Renter         ","2 Adults Kids   ","3 ","1           ",3.2,1,"35-49K  "
1540,6.49,0,11.19,0,0,0,0,0,2.99,0,521.61,11,"45-54","U","Unknown        ","2 Adults Kids   ","4 ","2           ",20.67,3,"Under 25"
1541,0,0,7.38,3.34,5.79,0,4,0,0,0,950.200000000001,12,"35-44","U","Unknown        ","Unknown         ","1 ","None/Unknown",20.51,5,"50-74K  "
1545,0,0,2.99,0,0,0,2,0,0,0,552.1,21,"45-54","A","Homeowner      ","2 Adults No Kids","2 ","None/Unknown",4.99,1,"35-49K  "
1556,0,0,4.02,5.68,0,0,0,0,0,0,676.15,33,"45-54","A","Homeowner      ","2 Adults No Kids","2 ","None/Unknown",9.7,3,"35-49K  "
1557,0,0,1.99,0,2.75,0,0,0,0,0,1513.53,39,"25-34","A","Renter         ","1 Adult Kids    ","4 ","2           ",4.74,2,"100K+   "
1563,0,0,0,0,2.5,0,0,0,0,0,527.22,14,"45-54","A","Homeowner      ","Unknown         ","3 ","1           ",2.5,1,"75-99K  "
1566,0,0,0,0,1.67,0,0,0,0,0,87.06,5,"35-44","U","Homeowner      ","2 Adults No Kids","2 ","None/Unknown",1.67,1,"75-99K  "
1567,0,0,0,0,0,1.8,0,0,0,0,331.89,15,"45-54","U","Renter         ","Single Male     ","1 ","None/Unknown",1.8,1,"Under 25"
1568,0,0,7.76,2.29,0,0,0,0,0,0,544.63,7,"55-64","B","Homeowner      ","Single Female   ","1 ","None/Unknown",10.05,3,"35-49K  "
1572,0,3.49,5,0,6,0,0,2,0,0,274.51,8,"35-44","A","Homeowner      ","2 Adults No Kids","2 ","None/Unknown",16.49,2,"75-99K  "
1578,0,0,0,5,4,0,0,3.19,0,0,251.13,13,"45-54","U","Unknown        ","2 Adults No Kids","2 ","None/Unknown",12.19,2,"Under 25"
1580,0,0,0.99,0,0,0,0,0,0,0,34.02,2,"19-24","B","Unknown        ","2 Adults No Kids","2 ","None/Unknown",0.99,1,"50-74K  "
1585,1,0,12.45,4.82,25.09,0,0,0,0,0,1313.99,14,"45-54","B","Homeowner      ","Single Female   ","1 ","None/Unknown",43.36,7,"100K+   "
1588,4,0,1.67,2.39,1.74,0,0,0,0,0,1429.62,60,"35-44","U","Homeowner      ","Unknown         ","1 ","None/Unknown",9.8,2,"50-74K  "
1591,0,0,0,0,1.88,0,0,0,0,0,451.02,7,"25-34","U","Unknown        ","Single Female   ","1 ","None/Unknown",4.46,2,"25-34K  "
1595,0,5.78,12.85,0,26.45,0,4.16,0,0,0,1658.46,33,"45-54","U","Homeowner      ","Single Male     ","1 ","None/Unknown",50.53,16,"50-74K  "
1604,0,1.88,1.77,0,0,0.3,0,0,0,0,52.18,11,"35-44","U","Probable Owner ","2 Adults No Kids","2 ","None/Unknown",3.95,3,"35-49K  "
1631,2.55,0,17.3,0,0,0,0,0,0,0,1092.06,40,"19-24","B","Renter         ","1 Adult Kids    ","4 ","3+          ",19.85,7,"Under 25"
1633,0,2,8.85,6.96,1.74,2.4,10.43,0,0,2.29,1129.81,46,"45-54","A","Homeowner      ","2 Adults No Kids","2 ","None/Unknown",37.25,9,"50-74K  "
1634,3.79,5.76,20.86,5.99,1.88,3.6,0,2.39,0,0,1481.96,27,"25-34","A","Homeowner      ","2 Adults Kids   ","5+","3+          ",44.27,13,"35-49K  "
1648,1.88,0,1.77,0,10.88,0,0,0,0,2.49,354.83,10,"35-44","U","Probable Renter","Single Female   ","1 ","None/Unknown",17.02,4,"Under 25"
1650,0,0,0,0,2,0,0,0,0,0,90.66,4,"45-54","A","Homeowner      ","2 Adults Kids   ","3 ","1           ",2,1,"75-99K  "
1653,11.42,7.79,24.71,0,15.52,0.6,0,0,0,0,2815.69999999999,71,"35-44","B","Homeowner      ","Single Female   ","1 ","None/Unknown",60.04,16,"Under 25"
1662,0,0,34.71,0,6.98,0,0,0,0,0,1008.66,10,"35-44","U","Homeowner      ","2 Adults No Kids","2 ","None/Unknown",41.69,5,"100K+   "
1676,0,0,0,2.39,13.17,0,0,0,0,0,852.370000000001,13,"35-44","U","Unknown        ","2 Adults No Kids","2 ","None/Unknown",17.05,4,"75-99K  "
1677,0,8.65,36.54,0,12,0,2.49,0,0,0,2117.40000000001,40,"45-54","A","Homeowner      ","2 Adults No Kids","2 ","None/Unknown",59.68,14,"75-99K  "
1678,6.58,0,0,0,0,0,0,0,0,0,385.67,14,"45-54","U","Unknown        ","Single Female   ","1 ","None/Unknown",6.58,1,"75-99K  "
1680,0,0,8.48,0,4.5,0,0,0,0,0,266.8,3,"25-34","A","Homeowner      ","2 Adults Kids   ","3 ","1           ",12.98,3,"Under 25"
1686,0,0,2.67,0,2.75,0,1.5,0,0,0,152.84,6,"45-54","U","Homeowner      ","2 Adults No Kids","2 ","None/Unknown",6.92,3,"Under 25"
1692,0,1.79,2,0,3.05,1.23,0,0,0,0,177.81,13,"35-44","U","Unknown        ","Unknown         ","1 ","None/Unknown",8.07,5,"50-74K  "
1693,0,0,2.99,0,2,0,0,0,0,3.49,919.830000000001,24,"25-34","A","Homeowner      ","2 Adults Kids   ","3 ","1           ",8.48,2,"35-49K  "
1694,2.49,0,13.66,1.25,2,0,0,0,0,0,654.030000000001,27,"35-44","U","Probable Renter","Single Female   ","1 ","None/Unknown",19.4,5,"Under 25"
1695,0,0,0,2.98,1.79,0.6,0,0,0,0,497.07,59,"35-44","U","Homeowner      ","Single Male     ","1 ","None/Unknown",5.37,4,"25-34K  "
1707,3.49,6.37,10.98,0,6.49,7.9,2.29,0,12.72,0,2046.75,208,"35-44","B","Unknown        ","Single Female   ","1 ","None/Unknown",50.24,18,"25-34K  "
1708,0,0,6,0,0,0,0,0,0,0,633.63,10,"45-54","U","Unknown        ","Single Female   ","1 ","None/Unknown",6,1,"25-34K  "
1709,0,0,2.5,0,1.67,0,0,0,0,0,203.61,13,"25-34","A","Unknown        ","2 Adults Kids   ","3 ","1           ",4.17,1,"35-49K  "
1710,0,0,0,0,6.54,0,0,0,0,0,3186.52,59,"35-44","A","Homeowner      ","Single Male     ","2 ","None/Unknown",6.54,4,"100K+   "
1720,0,0,4.98,2.29,3.48,0,0,9.56,0,0,609.07,22,"45-54","U","Unknown        ","Unknown         ","1 ","None/Unknown",21.6,5,"50-74K  "
1722,0,0,1,0,6.69,0,0,0,0,0,1708.17,29,"45-54","U","Unknown        ","2 Adults No Kids","2 ","None/Unknown",7.69,2,"Under 25"
1726,0,0,0,4.98,0,0,0,0,0,0,1112.39,31,"55-64","U","Homeowner      ","Single Female   ","1 ","None/Unknown",4.98,1,"75-99K  "
1745,0,0,7.98,0,2.75,0,0,2.29,0,0,607.36,31,"45-54","A","Unknown        ","Single Male     ","2 ","None/Unknown",13.02,2,"Under 25"
1748,0,0,2.99,3,1.88,0,0,0,0,0,443.84,20,"45-54","U","Unknown        ","Single Male     ","1 ","None/Unknown",7.87,3,"35-49K  "
1749,0,0,7.88,2.29,0,0,2.49,0,0,0,701.82,17,"55-64","B","Homeowner      ","Single Male     ","1 ","None/Unknown",12.66,2,"35-49K  "
1753,0,0,4.28,0,0,0,0,0,0,0,320.06,47,"45-54","U","Homeowner      ","Unknown         ","1 ","None/Unknown",4.28,1,"35-49K  "
1759,0,0,5.99,0,4.5,0,0,0,0,0,171.82,3,"35-44","U","Unknown        ","2 Adults Kids   ","5+","3+          ",10.49,2,"35-49K  "
1762,7.88,0,7.88,2,3.48,0,0,0,0,0,1970.36,33,"45-54","A","Homeowner      ","2 Adults Kids   ","5+","3+          ",21.24,5,"100K+   "
1764,0,0,0,4.29,2.75,0,0,0,0,0,207.7,5,"45-54","A","Homeowner      ","2 Adults Kids   ","4 ","2           ",7.04,2,"75-99K  "
1765,2.49,0,2.99,0,0,0,0,0,0,0,237.09,3,"45-54","U","Unknown        ","Single Male     ","1 ","None/Unknown",5.48,2,"35-49K  "
1775,0,0,0,0,6.98,0,0,2.5,0,0,614.930000000001,15,"45-54","A","Homeowner      ","2 Adults Kids   ","5+","3+          ",9.48,1,"75-99K  "
1778,0,0,0,0,1.05,0,1.05,0,0,0,1412.72,47,"25-34","A","Homeowner      ","2 Adults No Kids","2 ","None/Unknown",2.1,2,"35-49K  "
1779,0,0,4.5,0,0,0,0,0,0,0,612.8,28,"65+  ","A","Homeowner      ","2 Adults No Kids","2 ","None/Unknown",4.5,2,"75-99K  "
1785,0,0,1.5,0,0,0,0,0,0,0,142.92,10,"25-34","A","Homeowner      ","2 Adults Kids   ","5+","3+          ",1.5,1,"35-49K  "
1788,0,0,2.5,1.99,3.49,0,0,0,0,0,1034.32,15,"35-44","A","Homeowner      ","2 Adults No Kids","2 ","None/Unknown",7.98,2,"75-99K  "
1791,0,0,7.49,0,0,0,0,0,0,0,127.81,9,"45-54","B","Homeowner      ","2 Adults No Kids","2 ","None/Unknown",7.49,3,"100K+   "
1795,0,0,3.34,0,10.67,0.6,0,0,0,0,1483.27,141,"45-54","U","Homeowner      ","2 Adults No Kids","2 ","None/Unknown",14.61,5,"25-34K  "
1796,0,0,0,0,2.75,0,0,0,0,3.49,236.12,4,"19-24","U","Unknown        ","Single Female   ","1 ","None/Unknown",6.24,1,"35-49K  "
1797,0,0,3.99,0,0,0,0,0,0,0,798.28,21,"65+  ","U","Homeowner      ","Single Female   ","1 ","None/Unknown",3.99,1,"Under 25"
1802,0,0,3.19,0,0,0,0,0,0,0,484.37,5,"45-54","U","Homeowner      ","2 Adults No Kids","2 ","None/Unknown",3.19,1,"100K+   "
1803,0,0,33.43,0,4.39,0,10,0,0,0,4204.97999999998,57,"19-24","A","Homeowner      ","2 Adults Kids   ","3 ","1           ",47.82,17,"50-74K  "
1815,0,0,2,0,0,0,0,0,0,0,16.23,1,"45-54","U","Unknown        ","2 Adults No Kids","2 ","None/Unknown",2,1,"25-34K  "
1816,0,0,5,0,0,1.93,0,0,0,0,1144.19,31,"19-24","B","Renter         ","2 Adults Kids   ","5+","3+          ",6.93,3,"Under 25"
1822,2.49,0,11.37,2.29,1.99,0.3,1.79,0,0,0,1236.92,63,"55-64","U","Unknown        ","2 Adults No Kids","2 ","None/Unknown",20.23,5,"35-49K  "
1823,0,0,0,2,0,0,0,0,0,0,1318.61,27,"45-54","A","Homeowner      ","2 Adults No Kids","2 ","None/Unknown",2,1,"75-99K  "
1829,0,0,1.67,0,0,0,0,0,0,0,677.190000000001,42,"65+  ","A","Homeowner      ","Single Female   ","2 ","None/Unknown",1.67,1,"75-99K  "
1833,0,0,10.49,0,4.99,0.99,0,2.5,0,0,709.02,9,"25-34","U","Homeowner      ","1 Adult Kids    ","5+","3+          ",18.97,3,"25-34K  "
1834,0,0,2.14,0,0,0,0,0,0,6.98,523.16,13,"45-54","U","Homeowner      ","Unknown         ","5+","3+          ",9.12,3,"100K+   "
1845,0,0,15.36,4.18,19.78,0.3,1.27,0,0,0,3273.16999999998,31,"45-54","U","Unknown        ","2 Adults Kids   ","3 ","1           ",40.89,10,"100K+   "
1847,0,0,4.14,0,1.67,0,0,0,0,0,192.55,8,"45-54","U","Unknown        ","Single Female   ","1 ","None/Unknown",5.81,3,"100K+   "
1848,0,0,26.61,0,9.98,0,0,5.09,0,2.49,2110.66,20,"45-54","A","Homeowner      ","Unknown         ","3 ","1           ",44.17,9,"75-99K  "
1850,0,0,0,0,2.5,0,0,0,0,0,454.78,17,"65+  ","A","Homeowner      ","Single Female   ","2 ","None/Unknown",2.5,1,"75-99K  "
1858,0,0,0,0,13.68,1,0,3.29,0,0,418.87,9,"25-34","B","Homeowner      ","Single Female   ","1 ","None/Unknown",17.97,4,"100K+   "
1861,1.88,0,5.17,0,5.5,1.09,0,0,0,0,371.17,25,"25-34","U","Homeowner      ","2 Adults Kids   ","4 ","2           ",13.64,3,"Under 25"
1864,0,0,0,2.49,7.79,0,0,0,0,0,1857.72,20,"45-54","U","Homeowner      ","1 Adult Kids    ","5+","3+          ",10.28,3,"100K+   "
1865,0,0,0,2.39,3.49,0,0,0,0,0,1821.43,36,"45-54","U","Homeowner      ","Unknown         ","1 ","None/Unknown",5.88,2,"50-74K  "
1869,0,0,0,1.49,6.28,0,0,0,0,0,652.6,24,"19-24","A","Renter         ","2 Adults No Kids","2 ","None/Unknown",7.77,5,"35-49K  "
1873,3.88,4.37,10.16,1.67,9.28,4.27,0,0,0,4.98,1525.64,77,"35-44","U","Unknown        ","Single Male     ","1 ","None/Unknown",38.61,13,"Under 25"
1892,0,2.49,0,0,0,0,0,0,0,0,712.68,41,"35-44","A","Homeowner      ","2 Adults Kids   ","3 ","1           ",2.49,1,"35-49K  "
1894,0,0,0,3.49,1.67,0,2.49,0,0,3.49,141.17,2,"35-44","A","Homeowner      ","2 Adults No Kids","2 ","None/Unknown",11.14,1,"100K+   "
1896,0,0,2,0,0,0,0,0,0,0,278.37,25,"45-54","A","Homeowner      ","2 Adults No Kids","2 ","None/Unknown",2,1,"50-74K  "
1899,16.17,0,35.93,8.03,18.13,0,0,0,0,0,2624.84,17,"25-34","A","Homeowner      ","2 Adults Kids   ","3 ","1           ",78.26,7,"25-34K  "
1907,0,0,0,0,0,3.33,0,0,0,0,868.22,45,"25-34","B","Unknown        ","Single Male     ","1 ","None/Unknown",3.33,3,"50-74K  "
1911,0,0,1.5,2,0,0,0,0,0,0,184.57,14,"35-44","A","Unknown        ","Single Male     ","2 ","None/Unknown",3.5,1,"50-74K  "
1914,0,0,3.99,0,1.88,5.4,0,0,0,0,1367.72,47,"55-64","B","Homeowner      ","Single Female   ","1 ","None/Unknown",11.27,8,"75-99K  "
1917,0,0,11.48,1.67,0,0,0,0,0,0,2131.68,84,"65+  ","U","Unknown        ","Single Female   ","1 ","None/Unknown",13.15,5,"Under 25"
1919,0,3.88,3.76,0,3.05,1.5,0,0,0,0,631.06,16,"35-44","A","Homeowner      ","1 Adult Kids    ","5+","3+          ",12.19,6,"35-49K  "
1920,0,0,1.88,0,0,0,0,0,0,0,333.02,12,"55-64","A","Homeowner      ","2 Adults No Kids","2 ","None/Unknown",1.88,1,"50-74K  "
1923,0,0,0,0,16.76,0,0,2.5,0,0,844.25,30,"19-24","B","Renter         ","Single Female   ","1 ","None/Unknown",19.26,3,"35-49K  "
1926,0,0,0,0,4.42,0,0,0,0,0,192.69,7,"25-34","U","Homeowner      ","2 Adults No Kids","2 ","None/Unknown",4.42,2,"35-49K  "
1928,1.5,0,0,11.55,0,0,0,0,0,0,789.390000000001,29,"35-44","B","Homeowner      ","2 Adults Kids   ","3 ","1           ",13.05,3,"75-99K  "
1929,0,0,16.84,2.67,9.25,2.49,0,0,0,0,1084.18,16,"35-44","B","Homeowner      ","Single Male     ","1 ","None/Unknown",31.25,10,"25-34K  "
1935,0,0,6.38,4.98,0,0,0,0,0,0,1253.05,20,"55-64","A","Homeowner      ","2 Adults No Kids","2 ","None/Unknown",11.36,2,"100K+   "
1937,1.27,0,2.29,0,5.37,3.3,0,0,0,0,1598.73,32,"45-54","A","Homeowner      ","2 Adults No Kids","2 ","None/Unknown",12.23,6,"50-74K  "
1939,0,2.49,17.96,0,7.12,0,1.5,0,0,0,707.87,15,"35-44","A","Homeowner      ","2 Adults No Kids","2 ","None/Unknown",34.63,7,"50-74K  "
1944,0,0,7.5,2.29,19.68,0,0,0,0,0,1426.61,25,"25-34","U","Homeowner      ","2 Adults Kids   ","4 ","2           ",29.47,7,"100K+   "
1946,0,0,0,0,2.5,0,0,0,0,0,411.86,7,"25-34","U","Unknown        ","Single Male     ","1 ","None/Unknown",2.5,1,"75-99K  "
1949,0,0,5,0,0,0,0,0,0,0,101.91,7,"45-54","U","Unknown        ","Single Female   ","1 ","None/Unknown",5,1,"Under 25"
1953,0,0,2.79,0,3,0,0,0,0,0,180.55,13,"45-54","U","Homeowner      ","Unknown         ","1 ","None/Unknown",5.79,2,"50-74K  "
1955,2,6,9.52,4,4.62,0,0,7.37,0,0,1635.1,27,"25-34","U","Unknown        ","Single Male     ","1 ","None/Unknown",35.5,6,"35-49K  "
1962,11.14,3.49,1.77,0,3.29,0,1.05,3.19,0,0,401.31,12,"65+  ","U","Unknown        ","2 Adults No Kids","2 ","None/Unknown",23.93,4,"25-34K  "
1975,2,0,5.16,0,0,0,0,2.5,8.29,21.44,2739.1,62,"35-44","B","Renter         ","Single Male     ","1 ","None/Unknown",39.39,9,"75-99K  "
1976,2.29,3.49,3.64,4.98,3.49,0.3,4.48,3.19,0,1.5,902.32,38,"25-34","A","Homeowner      ","2 Adults Kids   ","5+","3+          ",27.36,7,"50-74K  "
1979,0,0,1.99,0,2.5,0,0,0,0,0,291.51,24,"45-54","U","Unknown        ","2 Adults Kids   ","3 ","1           ",4.49,2,"100K+   "
1980,2,0,6.17,9.39,2,0,0,2.5,0,0,820.2,10,"55-64","A","Homeowner      ","Single Female   ","2 ","None/Unknown",22.06,4,"50-74K  "
1982,0,0,0,0,3.29,0,0,0,0,3.49,935.75,37,"25-34","U","Unknown        ","Single Male     ","1 ","None/Unknown",6.78,2,"100K+   "
1985,0,0,2.5,0,0,0,1.5,0,0,0,723.41,25,"25-34","U","Unknown        ","Unknown         ","5+","3+          ",4,1,"50-74K  "
1989,0,0,8.17,0,0,0,0,0,0,0,337.16,13,"65+  ","U","Homeowner      ","Single Female   ","1 ","None/Unknown",8.17,3,"Under 25"
1990,0,0,0,0,1.67,0,0,0,0,0,572.98,18,"35-44","A","Homeowner      ","2 Adults Kids   ","5+","3+          ",1.67,1,"100K+   "
1995,0,0,0,0,0,0,0,0,0,2.99,1536.49,13,"25-34","B","Unknown        ","1 Adult Kids    ","3 ","2           ",2.99,1,"25-34K  "
1997,0,0,2.89,0,0,0,0,0,0,0,273.85,6,"25-34","U","Unknown        ","Single Male     ","1 ","None/Unknown",2.89,1,"50-74K  "
2002,1.88,0,2,1.67,7.41,0,0,0,0,3.49,622.97,18,"35-44","U","Homeowner      ","Single Female   ","1 ","None/Unknown",16.45,5,"35-49K  "
2004,2,4,58.64,1.79,10.3,8.4,4.38,0,0,0,1439.65,36,"45-54","U","Unknown        ","Unknown         ","1 ","None/Unknown",89.51,14,"50-74K  "
2006,0,0,10,4.58,1.67,0,1.5,0,0,0,1054.07,22,"45-54","U","Unknown        ","Single Male     ","1 ","None/Unknown",17.75,6,"Under 25"
2007,0,0,1.77,2.39,7.77,0,0,0,0,0,1490.37,30,"45-54","A","Homeowner      ","2 Adults Kids   ","3 ","1           ",11.93,6,"50-74K  "
2011,0,0,0,2,0,0,0,0,0,0,111.35,12,"45-54","U","Homeowner      ","Single Male     ","1 ","None/Unknown",2,1,"75-99K  "
2012,0,3.08,15.72,1.67,7.5,0,1.5,0,0,0,1255.67,54,"45-54","A","Renter         ","Single Male     ","2 ","None/Unknown",29.47,10,"25-34K  "
2013,0,0,1.67,0,3,0,0,0,0,0,205.08,19,"19-24","U","Unknown        ","Single Female   ","1 ","None/Unknown",4.67,2,"25-34K  "
2017,0,0,1.88,0,0,0,0,0,0,0,442.47,20,"45-54","A","Homeowner      ","2 Adults No Kids","2 ","None/Unknown",1.88,1,"75-99K  "
2020,0,0,7.36,2.29,0,3.6,0,0,0,0,915.680000000001,36,"35-44","A","Unknown        ","2 Adults Kids   ","5+","3+          ",13.25,6,"100K+   "
2023,0,0,9.28,0,0,0,0,0,0,0,101.34,6,"45-54","U","Homeowner      ","2 Adults Kids   ","3 ","1           ",9.28,2,"35-49K  "
2024,0,0,4,6.67,3.49,0,0,0,0,0,824.780000000001,24,"25-34","B","Homeowner      ","2 Adults No Kids","2 ","None/Unknown",14.16,3,"100K+   "
2030,0,0,0,2.29,3.49,0,0,0,0,0,192.94,6,"35-44","B","Homeowner      ","Single Female   ","1 ","None/Unknown",5.78,2,"75-99K  "
2040,0,0,2.5,0,0,0,0,0,0,0,574.870000000001,69,"25-34","U","Homeowner      ","Single Male     ","1 ","None/Unknown",2.5,1,"25-34K  "
2041,0,0,4.49,0,2,0,0,0,0,0,472.14,12,"35-44","B","Renter         ","2 Adults No Kids","2 ","None/Unknown",6.49,3,"35-49K  "
2050,0,0,2.5,2.29,0,0,0,0,0,0,1197.46,37,"35-44","A","Homeowner      ","2 Adults Kids   ","5+","3+          ",4.79,2,"25-34K  "
2053,0,0,10,8.11,0,1.09,0,0,0,4.49,572.1,27,"45-54","A","Homeowner      ","2 Adults No Kids","2 ","None/Unknown",23.69,6,"Under 25"
2058,0,3.49,1.67,13.4,0,0,0,5.69,0,3.49,1610.05,44,"25-34","B","Homeowner      ","2 Adults No Kids","2 ","None/Unknown",27.74,9,"100K+   "
2062,0,0,10.96,0,5,3,0,0,0,0,2052.84,84,"25-34","U","Unknown        ","2 Adults No Kids","2 ","None/Unknown",18.96,8,"25-34K  "
2063,0,1.88,0.99,0.99,2.87,0,0,0,0,0,756.49,30,"55-64","A","Homeowner      ","2 Adults No Kids","2 ","None/Unknown",6.73,4,"75-99K  "
2064,0,0,3,0,5.17,0.99,0,2,0,0,304.37,30,"19-24","U","Unknown        ","Single Female   ","1 ","None/Unknown",11.16,5,"50-74K  "
2068,1,0,2.5,0,3.99,0,0,0,0,0,331.26,11,"55-64","A","Homeowner      ","Single Female   ","2 ","None/Unknown",7.49,2,"50-74K  "
2069,0,0,11.64,2,0,1.2,0,0,0,0,579.35,22,"35-44","U","Unknown        ","Single Female   ","1 ","None/Unknown",14.84,5,"Under 25"
2070,0,0,8.25,0,1.74,0.99,0,2.39,0,0,527.21,41,"45-54","U","Unknown        ","Unknown         ","1 ","None/Unknown",16.15,5,"50-74K  "
2076,0,3.49,15.75,3.96,10.88,0,0,2.39,0,0,1958.53,59,"25-34","A","Homeowner      ","2 Adults Kids   ","3 ","1           ",36.47,8,"100K+   "
2082,0,0,1.67,0,8.5,0,0,0,0,0,631.6,22,"45-54","A","Homeowner      ","2 Adults Kids   ","3 ","1           ",10.17,3,"Under 25"
2085,0,0,9.55,0,15.68,0,0,0,0,0,1388.89,41,"35-44","A","Homeowner      ","2 Adults No Kids","2 ","None/Unknown",26.52,8,"35-49K  "
2086,2,0,0,0,0,0,0,0,0,0,647.28,93,"45-54","A","Homeowner      ","2 Adults No Kids","2 ","None/Unknown",2,1,"25-34K  "
2087,0,4.17,22.37,3.87,8.53,0,0,4.78,0,0,1434.22,49,"45-54","B","Homeowner      ","Unknown         ","1 ","None/Unknown",43.72,11,"100K+   "
2088,0,0,1.88,1.05,5.75,0,0,0,6.49,0,910.59,22,"25-34","U","Unknown        ","Single Female   ","1 ","None/Unknown",15.17,5,"35-49K  "
2092,0,0,2.14,2,2,0,0,5.88,0,0,351.24,19,"35-44","A","Homeowner      ","1 Adult Kids    ","3 ","1           ",12.02,3,"Under 25"
2094,0,0,7,0,2,0,0,0,0,0,554.39,13,"45-54","A","Homeowner      ","2 Adults No Kids","2 ","None/Unknown",9,2,"50-74K  "
2097,10.74,6.98,7.27,8,3.76,0,0,0,0,6.98,2173.78,54,"35-44","A","Homeowner      ","2 Adults Kids   ","5+","3+          ",43.73,4,"Under 25"
2100,2.29,0,0,0,0,0,0,0,0,0,398.67,8,"65+  ","A","Homeowner      ","2 Adults No Kids","2 ","None/Unknown",2.29,1,"35-49K  "
2102,0,0,2,0,0,0,0,0,0,0,387.49,15,"55-64","A","Homeowner      ","2 Adults No Kids","2 ","None/Unknown",2,1,"100K+   "
2107,0,0,8,0,3.74,2.4,0,0,0,0,428.96,12,"35-44","A","Homeowner      ","2 Adults Kids   ","5+","3+          ",14.14,3,"75-99K  "
2110,3.49,0,11.97,2.5,12,3.18,0,2.5,0,0,3811.38999999997,76,"35-44","A","Homeowner      ","2 Adults No Kids","2 ","None/Unknown",35.64,10,"100K+   "
2112,0,0,9.65,2.5,0,0,0,0,0,3.49,756.78,21,"45-54","A","Homeowner      ","2 Adults Kids   ","5+","3+          ",15.64,6,"35-49K  "
2115,2,16.96,14.11,0,15.94,0,2,4.78,0,0,2692.10999999999,59,"35-44","A","Homeowner      ","2 Adults Kids   ","5+","3+          ",55.79,10,"100K+   "
2116,0,2.29,10.49,0,0,1.29,1.5,0,0,0,3322.74999999998,54,"35-44","A","Homeowner      ","2 Adults Kids   ","5+","3+          ",15.57,5,"75-99K  "
2121,0,4.98,7.96,7.96,0,0,0,0,0,0,976.270000000001,18,"55-64","B","Homeowner      ","2 Adults No Kids","2 ","None/Unknown",20.9,4,"35-49K  "
2123,0,0,0,0,0,0,0,0,2.99,0,95.59,2,"45-54","U","Homeowner      ","2 Adults No Kids","2 ","None/Unknown",2.99,1,"75-99K  "
2124,0,0,4,1.25,9.38,0,0,2.5,0,0,1223.17,45,"25-34","A","Homeowner      ","2 Adults Kids   ","4 ","2           ",17.13,5,"50-74K  "
2129,0,0,7.14,0,0.94,0,0,0,0,0,698.67,23,"25-34","U","Unknown        ","1 Adult Kids    ","2 ","1           ",8.08,3,"35-49K  "
2130,0,0,2.5,47.48,0,0.6,0,0,0,0,727.970000000001,14,"25-34","B","Homeowner      ","Single Female   ","1 ","None/Unknown",50.58,7,"50-74K  "
2133,0,7.37,4.14,4.06,11.79,0,1.27,5,0,0,827.260000000001,22,"55-64","A","Unknown        ","2 Adults No Kids","2 ","None/Unknown",33.63,6,"100K+   "
2134,0,0,0,4.09,0,0,0,0,0,0,2017.23,17,"35-44","U","Unknown        ","Single Female   ","1 ","None/Unknown",4.09,3,"35-49K  "
2147,0,0,9.3,0,2,0,0,0,0,0,433.27,8,"25-34","A","Homeowner      ","2 Adults Kids   ","3 ","1           ",11.3,4,"75-99K  "
2148,0,0,3.98,1.2,4.07,0,0,0,0,0,872.430000000001,33,"55-64","A","Homeowner      ","2 Adults Kids   ","4 ","2           ",9.25,5,"35-49K  "
2154,0,0,3.29,0,0,0,0,0,0,0,41.47,1,"45-54","A","Homeowner      ","2 Adults No Kids","2 ","None/Unknown",3.29,1,"35-49K  "
2156,3.39,0,13.74,0,6.98,8.4,0,0,0,0,1037.62,21,"45-54","A","Homeowner      ","2 Adults No Kids","2 ","None/Unknown",32.51,9,"50-74K  "
2158,0,0,5.27,0,4.05,3,0,0.89,0,0,436.53,24,"25-34","B","Probable Renter","Single Female   ","1 ","None/Unknown",13.21,6,"50-74K  "
2162,3.78,0,5,0,0,0,0,4.78,0,0,1222.34,15,"45-54","U","Homeowner      ","Unknown         ","1 ","None/Unknown",13.56,2,"75-99K  "
2168,0,12.54,18.19,6.46,10.24,3.09,4.77,0,0,0,1287,42,"35-44","U","Unknown        ","Single Female   ","1 ","None/Unknown",55.29,21,"50-74K  "
2173,0,0,3.29,0,1.88,0,0,2.5,0,0,284.96,11,"25-34","U","Unknown        ","2 Adults No Kids","2 ","None/Unknown",7.67,2,"35-49K  "
2179,0,0,3,0,0,0,0,0,0,0,345.66,10,"45-54","A","Homeowner      ","2 Adults Kids   ","3 ","1           ",3,1,"35-49K  "
2181,0,0,1,1.67,0,0,0,0,0,0,93.95,4,"55-64","A","Homeowner      ","2 Adults Kids   ","3 ","1           ",2.67,2,"100K+   "
2182,0,0,6,1.67,1.74,0,0,2.39,2.99,0,381.85,22,"45-54","A","Homeowner      ","2 Adults No Kids","2 ","None/Unknown",14.79,4,"75-99K  "
2184,0,0,1.99,4,0,0,0,0,0,0,1334.3,98,"25-34","U","Unknown        ","Single Female   ","1 ","None/Unknown",5.99,1,"50-74K  "
2185,0,0,0,16.53,0,0,0,0,0,0,3608.82999999999,47,"25-34","U","Homeowner      ","2 Adults Kids   ","4 ","2           ",17.78,6,"100K+   "
2186,0,0,3.49,2.39,0,0,0,0,0,0,550.37,7,"35-44","U","Unknown        ","Single Female   ","1 ","None/Unknown",5.88,1,"25-34K  "
2190,0,0,4.14,2.49,0,0,5.36,0,0,9.48,1280.91,32,"35-44","A","Homeowner      ","2 Adults Kids   ","4 ","2           ",21.47,9,"50-74K  "
2193,1.88,0,7.76,11.29,9.14,0,0,2.5,6.49,0,2430.83999999999,27,"25-34","A","Homeowner      ","2 Adults No Kids","2 ","None/Unknown",39.06,7,"50-74K  "
2194,2.29,4.98,60.73,16.36,11.87,0,0,0,0,9.96,1373.42,89,"55-64","B","Homeowner      ","Single Male     ","1 ","None/Unknown",106.19,23,"25-34K  "
2198,0,0,5.86,1.67,3.76,5.48,0,3.19,0,8.49,1111.21,53,"35-44","B","Unknown        ","Single Female   ","1 ","None/Unknown",28.45,14,"25-34K  "
2199,0,0,0,0,8.04,0,0,0,0,0,910.450000000001,26,"19-24","U","Unknown        ","2 Adults Kids   ","3 ","1           ",8.04,3,"50-74K  "
2200,1.88,11.49,4.65,2,7.64,2.29,0,0,0,2.49,2486.63,51,"45-54","U","Unknown        ","Single Male     ","1 ","None/Unknown",33.63,11,"Under 25"
2203,0,2.29,0,4,0,0,0,0,0,0,1263.44,26,"45-54","A","Homeowner      ","2 Adults No Kids","2 ","None/Unknown",6.29,2,"50-74K  "
2208,1.88,2.49,12.37,1.05,4.75,1.2,0,12.35,0,0,2477.94,63,"35-44","U","Unknown        ","1 Adult Kids    ","3 ","2           ",36.09,8,"50-74K  "
2209,0,0,0,0,0,0,0,0,8.29,0,956.92,29,"25-34","A","Renter         ","2 Adults Kids   ","5+","3+          ",8.29,1,"35-49K  "
2217,1.27,0,2.14,0,0,0,0,0,0,0,735.6,24,"35-44","B","Unknown        ","Single Female   ","1 ","None/Unknown",3.41,2,"Under 25"
2224,0,0,9.67,0,6.63,0,0,0,0,0,1094.42,23,"19-24","B","Homeowner      ","Single Male     ","1 ","None/Unknown",16.3,8,"100K+   "
2231,0,0,3.49,0,0,0,0,0,0,0,1209.01,33,"35-44","A","Homeowner      ","2 Adults No Kids","2 ","None/Unknown",4.98,2,"100K+   "
2233,0,3.49,1.88,3.96,17.78,1.98,2,0,0,0,1578.87,62,"25-34","B","Homeowner      ","Single Male     ","1 ","None/Unknown",31.09,9,"100K+   "
2235,0,0,4.64,2.39,0,0,0,0,0,0,653.39,10,"45-54","U","Homeowner      ","2 Adults Kids   ","3 ","1           ",7.03,3,"100K+   "
2237,0,0,0,2.29,14.27,0,0,0,0,0,672.93,22,"45-54","U","Homeowner      ","Single Female   ","1 ","None/Unknown",16.56,5,"50-74K  "
2243,0,0,2.5,0,0,0,0,0,0,0,99.12,2,"45-54","A","Homeowner      ","2 Adults No Kids","2 ","None/Unknown",2.5,1,"50-74K  "
2252,11.92,2,5.88,1,3.5,0,3.05,0,0,0,1207.11,33,"45-54","A","Homeowner      ","2 Adults Kids   ","4 ","2           ",27.35,10,"50-74K  "
2260,0,0,8.66,15.49,27.56,0,0,8.99,0,0,2634.62,38,"45-54","U","Homeowner      ","Single Female   ","1 ","None/Unknown",61.7,11,"25-34K  "
2264,0,3.49,1.77,0,18.65,0,0,5,0,0,2107.64,34,"45-54","A","Homeowner      ","2 Adults No Kids","2 ","None/Unknown",28.91,5,"100K+   "
2266,0,0,0,2.39,1.99,0,0,0,0,0,1311.38,19,"25-34","B","Homeowner      ","Single Male     ","1 ","None/Unknown",4.38,2,"35-49K  "
2269,0,0,0,0,5,0,0,2.39,5.99,0,422.63,19,"55-64","A","Homeowner      ","2 Adults No Kids","2 ","None/Unknown",13.38,2,"35-49K  "
2279,0,0,0,0,0,2.1,0,0,0,0,183.57,10,"25-34","U","Unknown        ","2 Adults No Kids","2 ","None/Unknown",2.1,1,"50-74K  "
2280,1.88,16.23,18.49,0,3.49,0,0,0,0,0,1828.99,28,"35-44","U","Homeowner      ","2 Adults Kids   ","3 ","1           ",40.09,12,"Under 25"
2284,0,3.88,5.69,0,7.25,0,2.29,8.19,0,0,2109.53,23,"45-54","A","Homeowner      ","2 Adults No Kids","2 ","None/Unknown",27.3,5,"100K+   "
2292,0,0,7.76,0,2.1,0,0,2,0,0,91.9,5,"45-54","A","Renter         ","2 Adults Kids   ","5+","3+          ",11.86,3,"35-49K  "
2294,0,0,9.43,0,2.75,0,0,0,0,0,855.020000000001,38,"45-54","B","Renter         ","2 Adults Kids   ","4 ","2           ",12.18,3,"25-34K  "
2295,1.5,0,21.5,0,4,0.9,0,0,0,0,2062.5,21,"35-44","B","Renter         ","Single Male     ","1 ","None/Unknown",27.9,6,"35-49K  "
2296,1.5,1.5,6.36,2.29,6.75,0,3.6,0,0,0,1731.25,21,"35-44","U","Homeowner      ","2 Adults No Kids","2 ","None/Unknown",22,5,"100K+   "
2298,0,0,0,0,0,0,0,0,0,3.49,425.32,12,"65+  ","A","Probable Renter","Single Female   ","2 ","None/Unknown",3.49,1,"50-74K  "
2300,0,0,5,0,5.5,9.6,2.49,0,0,0,451.13,17,"45-54","U","Homeowner      ","2 Adults No Kids","2 ","None/Unknown",22.59,9,"50-74K  "
2302,0,0,1.5,1.05,6.06,0,0,0,0,0,308.65,14,"35-44","A","Homeowner      ","1 Adult Kids    ","3 ","1           ",8.61,4,"35-49K  "
2305,1.67,0,0,2.29,2.5,0,2.19,0,0,0,1758.65,38,"45-54","B","Homeowner      ","Single Female   ","1 ","None/Unknown",8.65,3,"50-74K  "
2307,0,0,0,0,9.04,0,0,7.5,0,0,1147.7,38,"45-54","A","Homeowner      ","2 Adults Kids   ","3 ","1           ",16.54,3,"75-99K  "
2314,5.49,0,0,6.65,6.29,0,0,0,0,0,951.46,19,"45-54","A","Homeowner      ","2 Adults No Kids","2 ","None/Unknown",18.43,4,"100K+   "
2317,1.27,1.2,6,21.72,11.25,0,0,0,14.78,0,3513.69999999999,42,"35-44","A","Homeowner      ","2 Adults Kids   ","5+","3+          ",56.22,13,"50-74K  "
2322,3.39,0,1,12.24,12.03,0.99,10,0,0,0,4815.69999999997,60,"45-54","U","Homeowner      ","Single Male     ","1 ","None/Unknown",43.24,12,"100K+   "
2324,0,0,0,0,3.49,0,0,0,0,0,397.67,27,"35-44","A","Homeowner      ","2 Adults No Kids","2 ","None/Unknown",3.49,1,"50-74K  "
2330,0,0,2.5,0,0,0,0,0,0,0,494.24,7,"45-54","U","Homeowner      ","Unknown         ","1 ","None/Unknown",2.5,1,"50-74K  "
2331,5.99,0,9.51,2.25,11.56,0,0,0,6.89,0,1498.21,29,"35-44","A","Homeowner      ","2 Adults Kids   ","5+","3+          ",36.2,12,"35-49K  "
2334,0,0,8.78,0,23.61,0,0,6.19,0,4.38,1863.62,86,"35-44","U","Homeowner      ","Unknown         ","1 ","None/Unknown",42.96,12,"50-74K  "
2341,0,0,17.4,0,25.84,0.6,9,7.04,0,0,1541.73,81,"45-54","U","Homeowner      ","Unknown         ","1 ","None/Unknown",60.88,22,"50-74K  "
2342,0,0,0,0,0,0,0,0.89,0,0,945.91,26,"55-64","U","Homeowner      ","Unknown         ","1 ","None/Unknown",3.47,2,"100K+   "
2343,0,0,1.77,0,2.5,0.3,0,0,0,0,590.110000000001,31,"19-24","U","Unknown        ","Single Male     ","1 ","None/Unknown",4.57,2,"50-74K  "
2347,0,0,5,0,0,0,0,0,0,0,161.13,7,"45-54","U","Unknown        ","2 Adults No Kids","2 ","None/Unknown",5,1,"35-49K  "
2351,0,2,6.06,1,5.53,0,0,0,0,3.49,2244.12,45,"45-54","A","Homeowner      ","2 Adults No Kids","2 ","None/Unknown",18.08,7,"75-99K  "
2359,0,0,0,0,4.2,0,0,0,0,0,373.98,19,"45-54","A","Homeowner      ","2 Adults No Kids","2 ","None/Unknown",4.2,2,"25-34K  "
2360,0,2,16.76,6.59,20.26,0,0,3.19,0,0,1726.92,72,"25-34","B","Homeowner      ","Unknown         ","1 ","None/Unknown",48.8,16,"50-74K  "
2364,0,0,8.38,0,2,0,0,0,0,5.88,695.6,15,"45-54","A","Renter         ","2 Adults No Kids","2 ","None/Unknown",16.26,5,"25-34K  "
2367,0,0,7.63,0,1.5,0.99,0,4.78,0,0,399.4,19,"45-54","U","Unknown        ","2 Adults No Kids","2 ","None/Unknown",14.9,4,"Under 25"
2370,0,2,4,5.13,1.05,0,0,0,0,0,637.63,19,"25-34","A","Homeowner      ","2 Adults No Kids","2 ","None/Unknown",12.18,6,"Under 25"
2374,0,0,13.14,1.79,7.74,0,0,0,0,0,1011.2,18,"45-54","U","Homeowner      ","2 Adults No Kids","2 ","None/Unknown",22.67,5,"100K+   "
2376,0,0,0,0,0,0,0,3.19,0,0,608.1,18,"45-54","U","Unknown        ","Single Female   ","1 ","None/Unknown",3.19,1,"35-49K  "
2378,0,0,11.5,0,4.63,0,0,2.39,0,0,490.38,17,"25-34","A","Unknown        ","2 Adults Kids   ","5+","3+          ",18.52,5,"50-74K  "
2390,0,1.88,5.5,0,0,0,0,0,0,0,292.32,10,"25-34","A","Unknown        ","Single Female   ","2 ","None/Unknown",7.38,2,"50-74K  "
2393,0,0,0,0,3.29,0,0,0,0,0,293.39,5,"35-44","U","Homeowner      ","Single Male     ","1 ","None/Unknown",3.29,1,"75-99K  "
2400,0,0,11.27,0,7,3,2,2.39,0,0,1057.55,32,"35-44","A","Homeowner      ","2 Adults Kids   ","3 ","1           ",25.66,7,"25-34K  "
2405,0,0,0,2.29,7.75,0,0,0,0,0,351.72,21,"25-34","U","Unknown        ","Single Female   ","1 ","None/Unknown",10.04,3,"Under 25"
2406,0,0,4,0,3.29,0,0,0,0,0,723.46,23,"25-34","A","Homeowner      ","2 Adults Kids   ","3 ","1           ",7.29,2,"100K+   "
2407,4.49,2,5.81,0,0,0,0,0,0,2.49,1314.05,33,"45-54","A","Homeowner      ","2 Adults No Kids","2 ","None/Unknown",14.79,5,"100K+   "
2411,0,0,0,4,0,0,0,0,0,3.49,237.35,10,"65+  ","A","Homeowner      ","2 Adults No Kids","2 ","None/Unknown",7.49,2,"Under 25"
2426,2,0,6.66,0,2.5,0,0,0,0,0,346.38,12,"19-24","U","Probable Renter","Single Female   ","1 ","None/Unknown",11.16,5,"Under 25"
2427,0,1.88,19.14,0,17.89,1.09,0,0,0,0,1386.86,46,"35-44","A","Homeowner      ","2 Adults Kids   ","3 ","1           ",40,11,"50-74K  "
2432,0,3.79,1.88,0,1.05,0,0,0,0,0,399.17,11,"19-24","U","Unknown        ","Single Female   ","1 ","None/Unknown",6.72,2,"35-49K  "
2435,4,0,0,0,4,1.2,0,0,0,0,409.12,6,"45-54","U","Homeowner      ","1 Adult Kids    ","5+","3+          ",9.2,2,"50-74K  "
2437,0,0,8.16,0,8.58,0,0,7.18,8.29,0,650.24,15,"35-44","A","Homeowner      ","2 Adults Kids   ","5+","3+          ",32.21,5,"100K+   "
2445,3.34,0,2.59,4.79,0,0,4,0,0,3,1346.1,79,"45-54","U","Unknown        ","Unknown         ","1 ","None/Unknown",17.72,5,"35-49K  "
2446,0,2.49,15.19,5.67,8.37,0,0,0,0,0,1476.71,41,"35-44","U","Homeowner      ","2 Adults No Kids","2 ","None/Unknown",33.21,9,"100K+   "
2447,0,0,0,0,0,0,5.99,0,0,0,2323.17,37,"35-44","A","Homeowner      ","2 Adults No Kids","2 ","None/Unknown",5.99,3,"25-34K  "
2448,0,0,35.09,0,9.26,0,0,0,0,0,3106.61999999999,61,"45-54","A","Homeowner      ","2 Adults No Kids","2 ","None/Unknown",44.35,14,"50-74K  "
2449,3.67,5.37,18.51,6.78,14.16,0,0,0,0,3.49,2392.92,65,"35-44","A","Homeowner      ","2 Adults Kids   ","5+","3+          ",51.98,12,"100K+   "
2453,0,0,0,0,1.88,0,0,2.39,0,0,755.400000000001,14,"45-54","B","Homeowner      ","Single Female   ","1 ","None/Unknown",4.27,2,"50-74K  "
2455,0,1.88,15.78,7.07,0,0,0,0,0,0,473.4,14,"45-54","B","Homeowner      ","2 Adults No Kids","2 ","None/Unknown",24.73,6,"25-34K  "
2465,2.29,0,0,0,0,0,0,0,0,0,634.98,41,"65+  ","A","Homeowner      ","Single Female   ","2 ","None/Unknown",2.29,1,"Under 25"
2467,1,0,7.69,0,9.2,1,0,0,0,0,1671.96,46,"35-44","A","Homeowner      ","2 Adults Kids   ","3 ","1           ",18.89,9,"75-99K  "
2479,0,0,15.86,0,3.29,0,0,0,0,0,1740.88,19,"25-34","U","Homeowner      ","2 Adults No Kids","2 ","None/Unknown",19.15,5,"100K+   "
2486,1.79,0,2.5,0,5,0,0,0,0,0,278.88,5,"35-44","B","Unknown        ","Single Male     ","1 ","None/Unknown",9.29,2,"25-34K  "
2488,0,0,2,1.67,5.68,0,0,0,0,3.49,962.860000000001,18,"45-54","B","Homeowner      ","Single Female   ","1 ","None/Unknown",14.33,4,"35-49K  "
2489,0,0,6.39,0,8,0,0,2.39,0,0,1042.2,20,"35-44","A","Homeowner      ","2 Adults No Kids","2 ","None/Unknown",16.78,3,"50-74K  "
2494,0,0,2,0,0,0,0,0,0,0,204.03,3,"35-44","U","Homeowner      ","2 Adults No Kids","2 ","None/Unknown",2,1,"50-74K  "
2496,0,0,6.38,1.67,2.5,0,0,0,0,0,513.49,8,"45-54","A","Homeowner      ","Unknown         ","3 ","1           ",10.55,2,"75-99K  "
2497,0,0,2,0,10.79,0,0,7.29,0,0,926.47,43,"45-54","U","Unknown        ","Single Male     ","1 ","None/Unknown",20.08,7,"35-49K  "
2498,0,0,4,0,0,0,0,0,0,0,43.38,6,"25-34","U","Homeowner      ","2 Adults No Kids","2 ","None/Unknown",4,1,"50-74K  "
2499,0,0,5.98,1.67,7.24,0,0,5.69,0,0,546.37,22,"25-34","U","Unknown        ","2 Adults Kids   ","3 ","1           ",20.58,2,"Under 25"
